time,latitude,longitude,altitude,fix_type,h_acc
1700000000.0,60.3917965961867,5.322125726999057,1.8290054593235254,3,0.800000011920929
1700000001.0,60.391792032521806,5.322121172179915,0.5919743366539478,3,0.800000011920929
1700000002.0,60.39179207712939,5.322154193520674,0.5100854644551873,3,0.800000011920929
1700000003.0,60.39179747534096,5.322135467527438,2.0512054888531566,3,0.800000011920929
1700000004.0,60.39180590590421,5.3221888644685516,-0.8041597343981266,3,0.800000011920929
1700000005.0,60.39178860873866,5.3222035061299815,0.24169366341084242,3,0.800000011920929
1700000006.0,60.39179214018357,5.322230914512948,-1.2404655572026968,3,0.800000011920929
1700000007.0,60.39178629551288,5.32227131883931,-0.6783936973661184,3,0.800000011920929
1700000008.0,60.3917803741822,5.322256379675955,-1.0544857624918222,3,0.800000011920929
1700000009.0,60.39176259506014,5.322319655760748,-1.5244482746347785,3,0.800000011920929
1700000010.0,60.391770520192246,5.322333654487158,1.9648491572588682,3,0.800000011920929
1700000011.0,60.391756653677156,5.322334330996167,-1.3798597762361169,3,0.800000011920929
1700000012.0,60.39174499439448,5.322347700788753,2.0274474192410707,3,0.800000011920929
1700000013.0,60.39173250779542,5.322372150304221,0.12192623689770699,3,0.800000011920929
1700000014.0,60.391749518896965,5.322397815893302,0.17766782827675343,3,0.800000011920929
1700000015.0,60.39173004808336,5.322400485298859,-0.25270161405205727,3,0.800000011920929
1700000016.0,60.39172362252185,5.322419470750392,-0.3413245836272836,3,0.800000011920929
1700000017.0,60.39172483445321,5.322449997612527,0.44572215620428324,3,0.800000011920929
1700000018.0,60.391720348377916,5.322446072401649,0.6242339927703142,3,0.800000011920929
1700000019.0,60.391706534952554,5.322484336898713,1.396768206730485,3,0.800000011920929
1700000020.0,60.391689474376726,5.322478843443835,0.5147641580551863,3,0.800000011920929
1700000021.0,60.391680394077504,5.322499387940921,2.5258905477821827,3,0.800000011920929
1700000022.0,60.391671971597866,5.3224991907841686,1.7085316237062216,3,0.800000011920929
1700000023.0,60.39165367651678,5.322502922533143,-0.04715166799724102,3,0.800000011920929
1700000024.0,60.391648947279776,5.322513529156566,1.1749354498460889,3,0.800000011920929
1700000025.0,60.39163428919947,5.322539622832599,0.9240230415016413,3,0.800000011920929
1700000026.0,60.39162427814871,5.322540579331809,1.3931728405877948,3,0.800000011920929
1700000027.0,60.391619050973794,5.322542986010174,0.17457874212414026,3,0.800000011920929
1700000028.0,60.39159912760488,5.322525105070542,0.03922722954303026,3,0.800000011920929
1700000029.0,60.391591091804706,5.322517975248698,-1.2421120032668114,3,0.800000011920929
1700000030.0,60.39159252054821,5.322544077222659,-0.5078454622998834,3,0.800000011920929
1700000031.0,60.391568480510315,5.322533745947272,-1.4906669165939093,3,0.800000011920929
1700000032.0,60.39156537132075,5.322566110387382,-1.0235807141289115,3,0.800000011920929
1700000033.0,60.39154530527497,5.322508294972078,-1.6389028988778591,3,0.800000011920929
1700000034.0,60.39152500868786,5.3225428941591995,1.6856454908847809,3,0.800000011920929
1700000035.0,60.39152311992792,5.322566562990818,-1.1367398286238313,3,0.800000011920929
1700000036.0,60.39151189016441,5.322567463076883,-0.08665816206485033,3,0.800000011920929
1700000037.0,60.39151015188317,5.3225442513210925,1.4403101215139031,3,0.800000011920929
1700000038.0,60.391499620269215,5.322562003676929,0.8668555878102779,3,0.800000011920929
1700000039.0,60.39148799616223,5.32254622569993,-1.245588599704206,3,0.800000011920929
1700000040.0,60.39147468227264,5.322497125125404,-0.03977579344063997,3,0.800000011920929
1700000041.0,60.39146315837256,5.32249326158453,1.268844235688448,3,0.800000011920929
1700000042.0,60.391453314707356,5.322496665066244,2.3299534134566784,3,0.800000011920929
1700000043.0,60.39144171635311,5.322475994420453,-0.5331803830340505,3,0.800000011920929
1700000044.0,60.3914427993668,5.322473061006589,-0.06096966378390789,3,0.800000011920929
1700000045.0,60.39142877348795,5.322440381341953,0.2889210432767868,3,0.800000011920929
1700000046.0,60.39141927433926,5.322437204576388,-1.1737387971952558,3,0.800000011920929
1700000047.0,60.39140791585829,5.322429985600034,2.4859263505786657,3,0.800000011920929
1700000048.0,60.39142426449309,5.3224105224672655,-0.2601068103685975,3,0.800000011920929
1700000049.0,60.391390104708336,5.322390571965704,-0.3730049738660455,3,0.800000011920929
1700000050.0,60.39137331441164,5.322376181067017,0.8807188170030713,3,0.800000011920929
1700000051.0,60.391366343535125,5.322327167943432,1.2043928187340498,3,0.800000011920929
1700000052.0,60.39137889112008,5.322364142269697,-0.3223570277914405,3,0.800000011920929
1700000053.0,60.39138718269295,5.3223261046528805,-0.18983792886137962,3,0.800000011920929
1700000054.0,60.39137095208166,5.322265962330155,0.5729304272681475,3,0.800000011920929
1700000055.0,60.39135144934096,5.322277504869702,-1.6299033975228667,3,0.800000011920929
1700000056.0,60.391357184087624,5.322261330900154,0.6774793323129416,3,0.800000011920929
1700000057.0,60.39137127173369,5.322239902923375,-0.4430890129879117,3,0.800000011920929
1700000058.0,60.391357185092524,5.32220955621946,2.4810403333976865,3,0.800000011920929
1700000059.0,60.39135432955678,5.322191199253645,0.9049768289551139,3,0.800000011920929
1700000060.0,60.39133836794413,5.322177169450912,-0.40665341075509787,3,0.800000011920929
1700000061.0,60.39134572053829,5.322168787821872,0.8708495693281293,3,0.800000011920929
1700000062.0,60.39133897991257,5.322139610688471,-0.6928507294505835,3,0.800000011920929
1700000063.0,60.39134949527641,5.322088168126931,0.6472482895478606,3,0.800000011920929
1700000064.0,60.39133710234777,5.3220789373558235,-1.7621522163972259,3,0.800000011920929
1700000065.0,60.39133757205043,5.322061981920407,-0.4910319922491908,3,0.800000011920929
1700000066.0,60.391348626576914,5.32203839302072,1.2841874472796917,3,0.800000011920929
1700000067.0,60.39135380201288,5.322007979699982,-0.32184628024697304,3,0.800000011920929
1700000068.0,60.39135141471425,5.322010356322409,0.21209043823182583,3,0.800000011920929
1700000069.0,60.39134973662349,5.321958915645094,0.30831320211291313,3,0.800000011920929
1700000070.0,60.39135401205836,5.321954604121887,-0.6420121509581804,3,0.800000011920929
1700000071.0,60.39135897556239,5.321924703588934,0.5454346025362611,3,0.800000011920929
1700000072.0,60.39136627948501,5.321880302620484,-0.37321668956428766,3,0.800000011920929
1700000073.0,60.39137396264425,5.321854447721266,0.4192271810024977,3,0.800000011920929
1700000074.0,60.391383094015396,5.321869682448075,-0.5341029725968838,3,0.800000011920929
1700000075.0,60.391382872986654,5.321824489142902,0.8857850842177868,3,0.800000011920929
1700000076.0,60.39138615779936,5.321824242270342,-0.05347325000911951,3,0.800000011920929
1700000077.0,60.39140820181036,5.321795379528479,-1.2968357065692544,3,0.800000011920929
1700000078.0,60.39140769363741,5.3217916586357,-2.5434982739388943,3,0.800000011920929
1700000079.0,60.391408966645706,5.321804148625885,1.0736731514334679,3,0.800000011920929
1700000080.0,60.391431541429,5.321762695234729,1.7602992579340935,3,0.800000011920929
1700000081.0,60.391438639168804,5.32175351669823,-0.8569115437567234,3,0.800000011920929
1700000082.0,60.391438745095066,5.321729356005711,0.6833751630038023,3,0.800000011920929
1700000083.0,60.39144397614653,5.321708442892146,0.9714899491518736,3,0.800000011920929
1700000084.0,60.391461596127485,5.321716695868947,-0.45129763800650835,3,0.800000011920929
1700000085.0,60.391476409184406,5.321694331221817,-1.3766312012448907,3,0.800000011920929
1700000086.0,60.39148358307273,5.321650294880615,-1.0710447747260332,3,0.800000011920929
1700000087.0,60.39147937218134,5.321692177708533,0.12516116350889206,3,0.800000011920929
1700000088.0,60.39150137663073,5.321663613954656,-0.7742654345929623,3,0.800000011920929
1700000089.0,60.391505902628055,5.321660543141623,-1.107480587437749,3,0.800000011920929
1700000090.0,60.39152564052138,5.321626179323824,0.289300580509007,3,0.800000011920929
1700000091.0,60.3915418462635,5.321648432370399,0.1376812355592847,3,0.800000011920929
1700000092.0,60.39153893180236,5.32165174984234,0.4839890403673053,3,0.800000011920929
1700000093.0,60.39156196163702,5.321656116886028,-1.4935842137783766,3,0.800000011920929
1700000094.0,60.39157125051265,5.321648275415073,-0.5431234408169985,3,0.800000011920929
1700000095.0,60.39157161296795,5.321664468795675,-0.9011641703546047,3,0.800000011920929
1700000096.0,60.3915841180785,5.321635921308066,0.10060361959040165,3,0.800000011920929
1700000097.0,60.391604870393145,5.321646255158617,0.032699136063456535,3,0.800000011920929
1700000098.0,60.39160294996865,5.321672663075197,-0.24589016009122133,3,0.800000011920929
1700000099.0,60.391612226268585,5.321672203784696,-0.5551882460713387,3,0.800000011920929
1700000100.0,60.39162424464717,5.321652980150098,-1.0194701356813312,3,0.800000011920929
1700000101.0,60.39164713318348,5.32167481453867,0.7360005797818303,3,0.800000011920929
1700000102.0,60.39167300777987,5.321663624862324,1.41959710419178,3,0.800000011920929
1700000103.0,60.39167488989775,5.321702734513784,1.5569111397489905,3,0.800000011920929
1700000104.0,60.39167851925857,5.321714318922521,-0.06330231297761202,3,0.800000011920929
1700000105.0,60.39169016229549,5.321690312477734,0.5929804099723697,3,0.800000011920929
1700000106.0,60.39169831788057,5.321709721018742,-1.377487724646926,3,0.800000011920929
1700000107.0,60.39170467830326,5.321723590000637,-1.738068137317896,3,0.800000011920929
1700000108.0,60.39171797018881,5.321768298700883,-0.6010740650817752,3,0.800000011920929
1700000109.0,60.39172584346484,5.321765693896117,0.534569788724184,3,0.800000011920929
1700000110.0,60.39173120340414,5.321793994302096,-0.5501625696197152,3,0.800000011920929
1700000111.0,60.39175161878241,5.3218033661882025,1.5823562908917665,3,0.800000011920929
1700000112.0,60.391746040191705,5.321824154936113,-1.2669465988874435,3,0.800000011920929
1700000113.0,60.39174704978443,5.321820815028078,-0.7995497584342957,3,0.800000011920929
1700000114.0,60.39175594328629,5.321854659751214,-0.8836622470989823,3,0.800000011920929
1700000115.0,60.39176479045653,5.321881120688907,-0.06652815826237202,3,0.800000011920929
1700000116.0,60.39176681599435,5.3218986107200505,-2.9227633383125067,3,0.800000011920929
1700000117.0,60.39177311006634,5.321910882836731,0.8386091040447354,3,0.800000011920929
1700000118.0,60.39177800768398,5.321953727935833,0.07319637853652239,3,0.800000011920929
1700000119.0,60.391771159241166,5.321947790681524,1.9816026194021106,3,0.800000011920929
1700000120.0,60.39178625637676,5.32196524757482,-1.3833476388826966,3,0.800000011920929
1700000121.0,60.3917897173976,5.322000990611862,-0.07143887970596552,3,0.800000011920929
1700000122.0,60.39178381460141,5.322032046784673,-0.6079035652801394,3,0.800000011920929
1700000123.0,60.39177673011562,5.322035198964385,-0.2263222150504589,3,0.800000011920929
1700000124.0,60.39177217852188,5.322060069535977,-0.3922851998358965,3,0.800000011920929
1700000125.0,60.39179985673867,5.322104152687044,-0.6586430463939905,3,0.800000011920929
1700000126.0,60.39179937547276,5.322066307657401,0.30419235210865736,3,0.800000011920929
1700000127.0,60.391802042603885,5.322124278845732,-0.1958701303228736,3,0.800000011920929
1700000128.0,60.391791618722785,5.322142379617923,1.642983928322792,3,0.800000011920929
1700000129.0,60.39179402149891,5.322163188735582,-0.760493753477931,3,0.800000011920929
1700000130.0,60.3917772985257,5.3222129118107295,0.5373250395059586,3,0.800000011920929
1700000131.0,60.39178283549831,5.322219330137514,1.7537807114422321,3,0.800000011920929
1700000132.0,60.391784974024546,5.322255352171845,-0.41926611959934235,3,0.800000011920929
1700000133.0,60.39178397436908,5.322268449657663,-1.8446045657619834,3,0.800000011920929
1700000134.0,60.3917604655464,5.3222623936376925,-0.5434197010472417,3,0.800000011920929
1700000135.0,60.39177692754917,5.322331150722688,1.6512306425720453,3,0.800000011920929
1700000136.0,60.391768616010545,5.322339036948493,-1.3252084022387862,3,0.800000011920929
1700000137.0,60.39175036656031,5.322361669743103,-0.18653488531708717,3,0.800000011920929
1700000138.0,60.39175077348554,5.322366424014524,0.3198247328400612,3,0.800000011920929
1700000139.0,60.391743707508354,5.32237387768663,-0.12823721952736378,3,0.800000011920929
1700000140.0,60.39174345592457,5.322393573939453,1.4323944244533777,3,0.800000011920929
1700000141.0,60.39172408890821,5.322427275525306,1.6125433035194874,3,0.800000011920929
1700000142.0,60.39171710178134,5.322426485826647,-0.3174519669264555,3,0.800000011920929
1700000143.0,60.39170671518128,5.322460816043014,-2.203139000572264,3,0.800000011920929
1700000144.0,60.391710659013945,5.3224747011361195,0.4212927399203181,3,0.800000011920929
1700000145.0,60.39168775663128,5.322483213928909,-0.5633053500205278,3,0.800000011920929
1700000146.0,60.39168594644268,5.322488186524299,-0.07943273801356554,3,0.800000011920929
1700000147.0,60.39167793987611,5.322504228675657,2.0241619208827615,3,0.800000011920929
1700000148.0,60.3916652390746,5.3225074385373805,0.7522693108767271,3,0.800000011920929
1700000149.0,60.391666503666194,5.322508710544391,1.2747926311567426,3,0.800000011920929
1700000150.0,60.39164787113322,5.322515594270991,-0.401603857986629,3,0.800000011920929
1700000151.0,60.39162825913756,5.32252802663676,-1.3479288388043642,3,0.800000011920929
1700000152.0,60.3916280815906,5.322559702125044,-1.6259760120883584,3,0.800000011920929
1700000153.0,60.391611774412404,5.32253789159674,-0.24012988433241844,3,0.800000011920929
1700000154.0,60.391610992346585,5.322534249286889,-0.8525558616966009,3,0.800000011920929
1700000155.0,60.39159218560131,5.322537479594651,-0.46002966072410345,3,0.800000011920929
1700000156.0,60.39158025034247,5.322560878788625,-0.4935449343174696,3,0.800000011920929
1700000157.0,60.3915604696572,5.322530344841222,3.727128015831113,3,0.800000011920929
1700000158.0,60.39157281828908,5.322561405770843,-0.4807858979329467,3,0.800000011920929
1700000159.0,60.39153780663826,5.322545906553676,1.5716369356960058,3,0.800000011920929
1700000160.0,60.391536912848764,5.322546372516164,0.6379753947257996,3,0.800000011920929
1700000161.0,60.39152880550334,5.3225460505141555,0.17505466286092997,3,0.800000011920929
1700000162.0,60.39151483036983,5.322537801024267,0.3388273296877742,3,0.800000011920929
1700000163.0,60.39150465926283,5.322533663274519,2.529450018890202,3,0.800000011920929
1700000164.0,60.39149004597508,5.3225123207137415,0.7003522552549839,3,0.800000011920929
1700000165.0,60.39148400376051,5.322523188245729,2.069381073117256,3,0.800000011920929
1700000166.0,60.39146552750779,5.322529111275226,-0.2924540024250746,3,0.800000011920929
1700000167.0,60.39146517296659,5.322494934347367,-1.169026067480445,3,0.800000011920929
1700000168.0,60.391455813042164,5.3225142131623615,0.2347871409729123,3,0.800000011920929
1700000169.0,60.39145191584172,5.322461601489299,-0.342378543689847,3,0.800000011920929
1700000170.0,60.39143329697689,5.322462222616826,2.095608403906226,3,0.800000011920929
1700000171.0,60.391419719052486,5.322463937498481,0.48943640012294054,3,0.800000011920929
1700000172.0,60.39141608264104,5.322412795605603,0.3905259305611253,3,0.800000011920929
1700000173.0,60.39142154081652,5.322429254850948,0.06954401265829802,3,0.800000011920929
1700000174.0,60.39140887126732,5.322392229701101,1.491361415013671,3,0.800000011920929
1700000175.0,60.391390882513925,5.322406569428246,0.4397146962583065,3,0.800000011920929
1700000176.0,60.391385708739605,5.322382927244138,-0.03385803662240505,3,0.800000011920929
1700000177.0,60.39137830737971,5.32232064028603,-0.29103530291467905,3,0.800000011920929
1700000178.0,60.39138367983296,5.3223254973728515,-0.9049253789708018,3,0.800000011920929
1700000179.0,60.391369907928684,5.3223235550581665,1.435544983483851,3,0.800000011920929
1700000180.0,60.39136862687518,5.322279063535396,0.13102407660335302,3,0.800000011920929
1700000181.0,60.39135643541374,5.322283477904673,0.5335010457783937,3,0.800000011920929
1700000182.0,60.391352545031516,5.322272205857191,1.2445942061021924,3,0.800000011920929
1700000183.0,60.39135288220892,5.322226204436249,-1.4575948417186737,3,0.800000011920929
1700000184.0,60.39134994430143,5.322185246412662,-0.5138402255252004,3,0.800000011920929
1700000185.0,60.39134201434721,5.322157473291366,1.2680192664265633,3,0.800000011920929
1700000186.0,60.39135423455404,5.322168635527146,-2.0546866403892636,3,0.800000011920929
1700000187.0,60.39133327293436,5.322124877032438,-0.6977132018655539,3,0.800000011920929
1700000188.0,60.391345928038895,5.3220992641520075,1.2010575290769339,3,0.800000011920929
1700000189.0,60.39134906470269,5.322080979370986,-1.0651011737063527,3,0.800000011920929
1700000190.0,60.39134016170122,5.322062664556937,0.06689221691340208,3,0.800000011920929
1700000191.0,60.39134296242489,5.322037175184002,1.0530473934486508,3,0.800000011920929
1700000192.0,60.39134118537955,5.322020705435879,-0.20460643153637648,3,0.800000011920929
1700000193.0,60.39134368248743,5.321997634561375,-0.8801573598757386,3,0.800000011920929
1700000194.0,60.391345707574295,5.321977545375302,-0.6985239591449499,3,0.800000011920929
1700000195.0,60.39135803725373,5.321947254382591,0.8963750740513206,3,0.800000011920929
1700000196.0,60.391354567035364,5.321974573830844,0.16321351286023855,3,0.800000011920929
1700000197.0,60.391363985838474,5.321897212699103,-1.9967380268499255,3,0.800000011920929
1700000198.0,60.391364943116706,5.321881147876959,-0.52324263099581,3,0.800000011920929
1700000199.0,60.391364582501986,5.321861103920883,-0.7844438087195158,3,0.800000011920929
1700000200.0,60.39138387303988,5.321848865770308,0.6727578882128,3,0.800000011920929
1700000201.0,60.39138444331151,5.32182559191175,3.208804663270712,3,0.800000011920929
1700000202.0,60.391398481051546,5.321813643259207,-1.4225190551951528,3,0.800000011920929
1700000203.0,60.39140472269368,5.32181000655058,0.5304691046476364,3,0.800000011920929
1700000204.0,60.391417799657034,5.321760100682522,-1.287528157234192,3,0.800000011920929
1700000205.0,60.39142566277024,5.321744136376604,-0.06349182594567537,3,0.800000011920929
1700000206.0,60.39142047550317,5.321736956213651,-1.022489140741527,3,0.800000011920929
1700000207.0,60.391433863205236,5.321732191975718,-0.19932727422565222,3,0.800000011920929
1700000208.0,60.391436105905996,5.32172611927721,0.33457239624112844,3,0.800000011920929
1700000209.0,60.39146316825845,5.321720105678243,0.756598181091249,3,0.800000011920929
1700000210.0,60.391451866031574,5.321699588324853,0.5094126453623176,3,0.800000011920929
1700000211.0,60.391475295548226,5.32168666153049,0.9538880754262209,3,0.800000011920929
1700000212.0,60.391486120168565,5.321675895128888,-1.1804406205192208,3,0.800000011920929
1700000213.0,60.39149304012735,5.321683100928533,-0.4602887658402324,3,0.800000011920929
1700000214.0,60.39150601520048,5.321644132243143,1.3351168157532811,3,0.800000011920929
1700000215.0,60.39151485504026,5.321665626353314,0.5605943966656923,3,0.800000011920929
1700000216.0,60.39152013929554,5.321652139270205,-1.8554534455761313,3,0.800000011920929
1700000217.0,60.391536579858794,5.321637964981091,0.4037863137200475,3,0.800000011920929
1700000218.0,60.391559735823705,5.321641288263485,-0.9964708937332034,3,0.800000011920929
1700000219.0,60.39155761147593,5.321657986658272,0.09127315785735846,3,0.800000011920929
1700000220.0,60.39155902831736,5.321666393666399,-0.04042759258300066,3,0.800000011920929
1700000221.0,60.39158323348252,5.321657048306683,-1.24534890986979,3,0.800000011920929
1700000222.0,60.391605012944765,5.3216543483556045,-0.11822742875665426,3,0.800000011920929
1700000223.0,60.3916125560445,5.321676962517474,1.0021402733400464,3,0.800000011920929
1700000224.0,60.39161055393403,5.321642939877908,-0.2459894372150302,3,0.800000011920929
1700000225.0,60.391622802198015,5.321667521624737,0.009054294787347317,3,0.800000011920929
1700000226.0,60.39163471739245,5.321656020164731,0.08777088951319456,3,0.800000011920929
1700000227.0,60.391634713744736,5.3216347878584545,-1.632488259114325,3,0.800000011920929
1700000228.0,60.39165416853347,5.321696882616663,-1.7389801107347012,3,0.800000011920929
1700000229.0,60.39166848874424,5.3217066030499565,-1.6498732659965754,3,0.800000011920929
1700000230.0,60.391663466068984,5.3217198333730655,-1.6943688821047544,3,0.800000011920929
1700000231.0,60.39169648902972,5.321740742128318,-0.1000627726316452,3,0.800000011920929
1700000232.0,60.39169425734078,5.3217308040209925,1.218813811428845,3,0.800000011920929
1700000233.0,60.391703296238774,5.321748217854156,0.49796445947140455,3,0.800000011920929
1700000234.0,60.39171538668986,5.321744056198733,-0.29151067696511745,3,0.800000011920929
1700000235.0,60.39172680732969,5.321770386272697,-0.1931163975968957,3,0.800000011920929
1700000236.0,60.39172197550552,5.321776092686903,-1.9203302655369043,3,0.800000011920929
1700000237.0,60.39174290264945,5.32180412933574,-1.5966542093083262,3,0.800000011920929
1700000238.0,60.39174549437967,5.321804120978878,0.24507704842835665,3,0.800000011920929
1700000239.0,60.39175641596051,5.321821795200472,-0.9108863025903702,3,0.800000011920929
1700000240.0,60.391748882360055,5.321875452855571,0.21721142996102571,3,0.800000011920929
1700000241.0,60.39175748667129,5.321874327591945,1.1218283623456955,3,0.800000011920929
1700000242.0,60.39176912938678,5.321887283530582,0.3112740609794855,3,0.800000011920929
1700000243.0,60.391757566574164,5.321913313263261,-0.5151397716253996,3,0.800000011920929
1700000244.0,60.39177977104044,5.3219392757367645,2.232385516166687,3,0.800000011920929
1700000245.0,60.39178200460127,5.321988953598959,-0.47027409821748734,3,0.800000011920929
1700000246.0,60.39179408604512,5.32199219757231,0.32869727723300457,3,0.800000011920929
1700000247.0,60.39179212948193,5.321974789348395,0.007456690073013306,3,0.800000011920929
1700000248.0,60.39178118388035,5.322026878504944,1.0808674059808254,3,0.800000011920929
1700000249.0,60.39179499848035,5.322045537659238,-3.226737235672772,3,0.800000011920929
1700000250.0,60.391800757298356,5.32209220146333,2.0846145497635007,3,0.800000011920929
1700000251.0,60.39179599188885,5.322091214646647,-1.5532408012077212,3,0.800000011920929
1700000252.0,60.391788864687584,5.3220967959421115,2.8753864280879498,3,0.800000011920929
1700000253.0,60.39179731048453,5.322116079121586,-0.808174061588943,3,0.800000011920929
1700000254.0,60.39178785869556,5.32216213654652,2.2374038733541965,3,0.800000011920929
1700000255.0,60.391791029569355,5.322186360675513,1.767112037166953,3,0.800000011920929
1700000256.0,60.39179468655622,5.322192685586163,0.029615802690386772,3,0.800000011920929
1700000257.0,60.39178386238423,5.3222163834451495,0.010911405086517334,3,0.800000011920929
1700000258.0,60.391781318831256,5.322245836700616,1.575116690248251,3,0.800000011920929
1700000259.0,60.39177343434745,5.322257956562263,0.592636757530272,3,0.800000011920929
1700000260.0,60.39177422154799,5.322278233293694,0.14304402470588684,3,0.800000011920929
1700000261.0,60.39176774150316,5.322293602635124,0.37127185240387917,3,0.800000011920929
1700000262.0,60.391754952958756,5.322343163501126,-0.492242181673646,3,0.800000011920929
1700000263.0,60.39174743032595,5.322335138060963,-0.26368278358131647,3,0.800000011920929
1700000264.0,60.3917543067644,5.322357690284187,-0.18452522531151772,3,0.800000011920929
1700000265.0,60.39173292126574,5.322389380750726,0.31911943946033716,3,0.800000011920929
1700000266.0,60.39171996673817,5.3224109564180395,1.5952252000570297,3,0.800000011920929
1700000267.0,60.39173692168326,5.322415628459828,-1.6782749947160482,3,0.800000011920929
1700000268.0,60.39172211288278,5.322435003184148,1.1332883620634675,3,0.800000011920929
1700000269.0,60.39170873705125,5.322458884327169,-1.7749854251742363,3,0.800000011920929
1700000270.0,60.391707498947,5.322487358680507,2.5477250264957547,3,0.800000011920929
1700000271.0,60.39170384686804,5.322441255967157,2.3812186308205128,3,0.800000011920929
1700000272.0,60.391683786362044,5.32248129431167,1.4822172494605184,3,0.800000011920929
1700000273.0,60.39168419875141,5.322498706928133,-1.2853549057617784,3,0.800000011920929
1700000274.0,60.391677811498184,5.322508654659996,0.28196541871875525,3,0.800000011920929
1700000275.0,60.391662158340864,5.3225397296009245,-0.8518627341836691,3,0.800000011920929
1700000276.0,60.39164069286774,5.32253635035976,0.15256421267986298,3,0.800000011920929
1700000277.0,60.39163078284496,5.322524118262064,-1.086128881201148,3,0.800000011920929
1700000278.0,60.39161666924853,5.322558857092728,1.3424586150795221,3,0.800000011920929
1700000279.0,60.391617314068824,5.322547931397008,0.3339658807963133,3,0.800000011920929
1700000280.0,60.391606583013036,5.322560505239977,-0.22857739217579365,3,0.800000011920929
1700000281.0,60.391588046348176,5.322558658911154,-1.9342796932905912,3,0.800000011920929
1700000282.0,60.39159025069582,5.322552865685392,0.8907555555924773,3,0.800000011920929
1700000283.0,60.39156922932192,5.322564244939828,-0.7705795783549547,3,0.800000011920929
1700000284.0,60.391569110020455,5.322566708791668,-0.8071710150688887,3,0.800000011920929
1700000285.0,60.39154726937762,5.3225328869272275,0.389215674251318,3,0.800000011920929
1700000286.0,60.39152858141178,5.322540343513481,-1.9113923609256744,3,0.800000011920929
1700000287.0,60.39151635491353,5.322564754866811,-0.6213841466233134,3,0.800000011920929
1700000288.0,60.39149490325887,5.3225280453799995,-0.3202547477558255,3,0.800000011920929
1700000289.0,60.391496787285,5.322519333351312,0.19933765567839146,3,0.800000011920929
1700000290.0,60.39148895586421,5.322518666895667,2.206069763749838,3,0.800000011920929
1700000291.0,60.39146790808191,5.32250523822308,-0.6706592105329037,3,0.800000011920929
1700000292.0,60.39147502767199,5.322523110109377,-1.3208861388266087,3,0.800000011920929
1700000293.0,60.391465940728764,5.322513122526277,0.5599339036270976,3,0.800000011920929
1700000294.0,60.39145086369197,5.322476765178356,-0.8262443570420146,3,0.800000011920929
1700000295.0,60.3914472199153,5.322461659856507,-0.49953258596360683,3,0.800000011920929
1700000296.0,60.391435404027725,5.322462202347004,-0.6424456927925348,3,0.800000011920929
1700000297.0,60.391433246790996,5.32242783100115,1.0924588264897466,3,0.800000011920929
1700000298.0,60.391406512902286,5.3224226098602445,-0.16396048106253147,3,0.800000011920929
1700000299.0,60.39140199414254,5.322423769610612,0.9244098179042339,3,0.800000011920929
