time,x,y,z,vx,vy,vz,yaw,yaw_rate,pos_cov_xx,pos_cov_xy,pos_cov_xz,pos_cov_yy,pos_cov_yz,pos_cov_zz
1700000002.0,31.852971746179797,2.814470422725646,-0.16743520929433411,0.24603851503113724,0.2864938271378911,-0.0011660616009418437,0.8014829600480241,-0.007365426880610858,0.6947569367292822,-0.01257145638124753,-0.006962698898707752,0.6950749317123063,-0.006821908847761055,0.6747900329390782
1700000003.0,33.815073784931606,4.466572506262464,-0.10493730310145505,1.9225521484863128,1.7032257955136494,0.06139993730245206,0.7570223426961271,-0.011454784449084135,1.4638530075778886,0.010051394235360684,0.02779566373632468,1.456033463942499,-0.010748560554948633,0.6000667018574876
1700000004.0,36.489166558582845,7.565831456836593,0.06645867896382819,3.1267904746749737,3.1866938298852183,0.18663504949489104,0.7914096820347393,-0.015618573944628665,1.7915644703906461,0.044020109538174694,0.07620616388771653,1.836971535361995,-0.011194253276819102,0.5950498186459272
1700000005.0,38.075815693056114,9.922260118294519,0.20718055191285997,2.9489224279909108,3.4045559793527356,0.22190697277682392,0.7107019102277395,-0.020693468912491034,1.7303642242385895,-0.026322860374878482,0.02365598255489321,1.7062862466127442,-0.0018603854891523068,0.5332174324386341
1700000006.0,40.07539634709447,11.888407751913105,0.33940349826764704,2.7557960663588017,3.216258010224624,0.15498790102471477,0.7264766832409895,-0.0262395021130584,1.4648676578771416,-0.040493551357585894,-0.042782171392971934,1.9072765636481364,0.0026589638361974215,0.5235284003926056
1700000007.0,41.193570497612775,13.93156687708776,0.5651346253418692,2.0702865261101673,2.783879768900202,0.13622370844673262,0.67043685845312,-0.032979880169304004,1.581379022268377,-0.09744802073507741,-0.12632367749060808,1.9230023135162415,-0.01661779675424731,0.6492326548913724
1700000008.0,42.37908403208597,14.693093505335707,0.9133572184613142,1.4154033190870747,1.765561936912749,0.1779954898187289,0.6846817304897562,-0.040864963606081335,1.5964073877146208,-0.06214434469010192,-0.21718594980973097,1.8230761548188235,-0.031247341919225288,0.8003407984311456
1700000009.0,42.906051481725875,16.250378225823635,1.064195129642953,0.7777527700905016,1.4232090371375568,0.19335926043352974,0.6124497383075064,-0.050787255260760805,1.629904636932552,-0.07408550348501856,-0.2774743942765817,1.7143741847577774,-0.06768265883126942,0.9041261932413246
1700000010.0,44.188588921648694,17.16883455756399,0.5620039546108219,0.7416051177152488,0.8021368347871801,0.13610881123617907,0.5282703677229349,-0.06304598193470788,1.641413962704713,-0.033860453443786964,-0.03525893296271907,1.6800719905807284,-0.02521744556811376,0.6115023967026355
1700000011.0,45.39699093562643,16.97726059802811,0.45411906675685615,0.6696802781968547,0.18413159807436147,0.09714241237356185,0.5981939401440592,-0.07793915065542553,1.3726100258747325,0.012037543593460025,-0.005961931905626698,1.2965729125233891,-0.03935479571413355,0.5670018666237785
1700000012.0,46.32846773110044,18.062546578543056,0.28906578852539916,0.5597838636910761,0.4290338715898155,0.04623740067131628,0.5764720361695002,-0.09651020306599987,1.6693940544229993,-0.002511660288498382,-0.006003984852026533,1.5738432339620256,-0.08905471697803631,0.6033163721815215
1700000013.0,47.30517030661538,18.959441708066105,0.25573208220151594,0.5024940039216068,0.525983839558281,0.031942034541294545,0.45257363747131024,-0.11964303096453319,1.6026825967847647,-0.0018557734329881044,0.029359995170331273,1.6038279737156227,-0.06683501042333,0.6274859358106605
1700000014.0,49.10796090337593,19.637801716677046,0.2747519646000508,0.9882891491908519,0.5482251115640645,0.02134385403430009,0.24334409937819507,-0.14638973554556187,1.588073542315518,-0.0029312236936630738,0.06331626019524297,1.5797888827246027,-0.031966815650442626,0.6600567559748134
1700000015.0,50.23787787782751,19.918310686754626,0.30183436528282237,1.0847809728727116,0.24136100109316874,0.03848831644098538,-0.01489461578660749,-0.17291876024131006,1.5882983394751693,-0.006569206933080723,0.008449645599347837,1.5872828078139396,-0.023367221128482205,0.646626579111179
1700000016.0,51.46367274955356,19.96454658901396,0.29343461896286016,1.0104409497985511,-0.027565434820103853,0.03378298346291179,-0.21245045795526646,-0.19351511397231985,1.3186825986581872,0.007928415411687583,0.017785367425669323,1.272001520081192,-0.023095691521250905,0.6343971262973321
1700000017.0,52.68409159367595,20.00993347932467,0.24475022042621053,0.9963318821197482,-0.1364339653569071,0.024479507631773853,-0.4028662795987678,-0.20139904904499867,1.5812183213654023,-0.00285562345700059,0.03479579888642609,1.562500878872292,-0.02494053248793879,0.6435804333171036
1700000018.0,53.85246895549543,19.481220837962752,0.1932228062809523,0.9512990581427165,-0.4857622344247796,0.020572269826565244,-0.6078871072881941,-0.19361528254218713,1.5981736409457616,-0.005739121376699243,0.04062415014271756,1.6050796222376984,-0.015469423326118469,0.650058204684227
1700000019.0,54.68189968933116,19.194077056004442,0.0765626852597518,0.7279713998185284,-0.5124937723799979,0.005849640289403223,-0.7899442500436255,-0.1734193451425279,1.5885951356018848,-0.010245964417476808,0.04866421562937498,1.5845917291169098,-0.009604840338577688,0.6559424238874133
1700000020.0,55.24192453880227,18.316505653324747,0.04277396071518718,0.45263672838536295,-0.8003642804842088,0.008160494718660493,-0.9371134649173467,-0.1480095281298093,1.5872719677912492,-0.018270896798941682,0.018378122528411,1.5957559679746933,-0.026713272152329128,0.6569067320649628
1700000021.0,55.39739288210171,17.5152342219734,0.06533681273848407,0.2529540134218004,-0.8992191533169536,0.031538198540697705,-1.0072588996966043,-0.12278664379138171,1.3197295661870887,-0.00594532455056255,0.019052296177868376,1.267457052748333,-0.029925460171267685,0.6284685479490895
1700000022.0,56.40642994191899,16.252703103769843,-0.038825853998916776,0.5770115889694629,-1.1824921637492551,0.01129833931649761,-1.1132886606116752,-0.10150731423629307,1.5783514601286504,-0.017911930216395523,0.02011335250968384,1.57048512947665,-0.043512853730258004,0.6297265898304195
1700000023.0,57.04866202889002,14.801651721902491,-0.023503545214765734,0.5667154117086657,-1.4037654062161153,0.011737217509362314,-1.2160208461134525,-0.08434952617085174,1.5950593902234729,0.0011612574177639402,0.03711093920612522,1.5926466843619587,-0.019784363641619274,0.6347676152560995
1700000024.0,57.80708980561932,13.35761748306194,-0.08665237213032213,0.618168098373606,-1.479201150243859,0.004528343632404995,-1.2921265792919887,-0.07087117777995955,1.5708824467521862,-0.0006920582873991836,0.048316733032570496,1.576355100260771,-0.0018491350982327848,0.6397395022664086
1700000025.0,58.31293577311223,12.097524601733664,-0.09983869819783199,0.5168729279744514,-1.3838088145957805,0.007503732387050103,-1.3925835064857248,-0.06088203750396807,1.5785529109310121,-0.015524141620916226,0.022162396787044347,1.5930368795924585,-0.015545340220817196,0.6330489983164785
1700000026.0,59.542288449402875,10.52081678141582,-0.1897888658346863,0.5357347515783286,-1.4533395907027293,-0.0030654637351020825,-1.4597373387857313,-0.05304156412664445,1.2908158877739726,-0.040373140967027495,0.002164323659400572,1.2884739230081748,-0.009887607760192615,0.5918859177581541
1700000027.0,59.536271699447596,8.761351705002834,-0.17120013642320903,0.06553821985686281,-1.5942305448177372,0.0008393824891784348,-1.5195556509456702,-0.04730828268982972,1.5548206557901172,-0.006235698374372758,0.011630902024136762,1.5653650431816597,0.016192590138096635,0.5935934967795623
1700000028.0,59.31724886774235,6.546140767358552,-0.1395823070826963,-0.3069260385001973,-1.907315354055839,0.008832412441216582,-1.5445980873666614,-0.04281513831623384,1.654633742690968,-0.01704348152065628,0.020632278399347424,1.5903634382027387,-0.002494706691110993,0.5978002393237913
1700000029.0,59.36552188985919,4.2836206716680705,-0.037053130502555945,-0.34617485857404806,-2.114762976770102,0.014726370332215341,-1.5511198381012994,-0.03938451593411261,1.6385019936566751,0.005633680914980063,0.03754650791940584,1.5679860687783822,-0.01908914698666504,0.6087264042773379
1700000030.0,59.85871621290466,2.5139237617420904,0.03730073915772893,-0.03515517909991417,-1.9105274588352956,0.01587668017493106,-1.645449697431582,-0.03851484531706921,1.5835640768025525,-0.018721511114989316,0.01448448430096527,1.583984142770619,-0.020571948677995208,0.6089704066414083
1700000031.0,59.81622590264329,0.3628641754861611,-0.12800529130609112,-0.08146486881563766,-1.9168272395319443,-0.02686600560557282,-1.6677177206658274,-0.037435229468900565,1.2902581042298853,0.03796283675092827,-0.008338540915851686,1.3234562103134797,0.024138863153515138,0.5670956263395596
1700000032.0,59.995833136422306,-1.0573149468072391,-0.058666281834565834,0.05000351961963781,-1.5039738147548767,-0.015686916903754324,-1.6904176502717814,-0.03736290310991101,1.5532789096420472,-0.0026483373923674924,-0.001655982206231404,1.5734112893685077,0.02529657389091751,0.5722458750162149
1700000033.0,59.7998143666094,-3.5424290411448074,0.013909230116571317,-0.08291960090402796,-1.8608746483697018,-0.020444876700789705,-1.7408090266917429,-0.03850979210648705,1.5897875479299624,-0.02069479380482432,-0.014232602554048714,1.646123170830695,0.023325744880309068,0.5830471229921381
1700000034.0,59.31257311514411,-5.242197662542353,-0.12434858708357674,-0.341191002039533,-1.6566865966344315,-0.03188622218271164,-1.8026602741593127,-0.04082500997942147,1.592889582152048,0.011484665656357881,0.0002717176429851673,1.5673190558094319,0.023881749031941017,0.5911509573967006
1700000035.0,59.1958931384496,-6.637055771187594,-0.005829593645555242,-0.28706007763919406,-1.3498096969505844,-0.003696630234154962,-1.8690031594140062,-0.044067819062895495,1.5882734465836972,-0.025371429845249083,-0.0012012038151391574,1.5891203916873085,-0.015985025721429486,0.5933412985545606
1700000036.0,59.52110423399237,-8.184987421779113,-0.18281973066496668,-0.1885505028041791,-1.251447457900696,-0.03637010662282372,-1.895680862819789,-0.04842791303562898,1.298504954478801,-0.050373430756881485,-0.008031427004706148,1.2978324772594796,-5.818029568460916e-05,0.547674347611289
1700000037.0,59.08754241032355,-10.05481686125774,-0.2798887610574003,-0.3864029970802588,-1.424952105545319,-0.04779798123398792,-1.9812104896736258,-0.05504265987712764,1.5528224579243255,-0.004578582599984874,-0.015360618869028165,1.5727312291382922,0.019044144252258005,0.5581560867101807
1700000038.0,58.60214560455507,-11.485509405569596,-0.3376881439938432,-0.523858425181353,-1.2875896056990186,-0.0486246507456314,-2.041503339858368,-0.06322116648251812,1.5994573999519366,0.00607165753120728,-0.0009462026730547306,1.5859318618665654,0.01520649626269563,0.5705409433332712
1700000039.0,58.015642844538284,-13.053441609708745,-0.25038828526801604,-0.6382160719181194,-1.2989333648728454,-0.03663637040074058,-2.0975992533055288,-0.07390936960969446,1.6097630189005925,-0.008358194018401164,0.009671036793658591,1.5648129930539225,0.01154202932448838,0.5830813654527871
1700000040.0,57.29834649062834,-15.074107694062537,-0.2281859266233756,-0.751324089759029,-1.5796660033025647,-0.033540872620253855,-2.16308897834166,-0.08767644074921897,1.5902610174706566,-0.025486584381662604,-0.0051458465446503265,1.5854329271268162,-0.021574870415536303,0.5915726156442271
1700000041.0,56.76202349260719,-16.222260778340306,-0.29587604021510294,-0.7772730698632089,-1.4157596795095677,-0.03678038749764761,-2.2729694012369976,-0.1057748102313069,1.3224241561108987,-0.015310862435374644,0.016242541723313755,1.2353034078694773,0.012146237240752809,0.5450356950909021
1700000042.0,55.879158312081394,-17.402883462432793,-0.4224346051264504,-0.8993305287756794,-1.2062679191168686,-0.045776663619272656,-2.3863398902285398,-0.12772126507823078,1.5683702562441668,-0.024646103296962162,-0.0012353592002903946,1.577602478640354,0.0008717529164606852,0.5560043652847999
1700000043.0,54.96379730091594,-18.44203088075166,-0.3707062866835456,-0.965838875822582,-0.999526953587842,-0.03760362791740779,-2.5275125382459507,-0.1528365692445099,1.6357547948051518,-0.04699964996754466,-0.0011908555363958958,1.6230426047765762,-0.008675369460452758,0.5694257888558379
1700000044.0,54.38313551254401,-19.050675238300187,-0.34191931026565925,-0.7910905269829736,-0.6344300133544004,-0.03137541065785906,-2.706634808500146,-0.17791028856232968,1.6247023580399673,-0.04568199630361077,-0.0015962037195698224,1.5978341474148932,-0.017221460477326523,0.5839201277789547
1700000045.0,53.46679540591709,-19.741759338187027,-0.3274554163666565,-0.834603725197985,-0.4777526515577783,-0.025165596378990223,-2.857559367876065,-0.1960325748498085,1.6042560542844944,-0.03856819772127976,0.0012846947702383777,1.6024676294039897,-0.03083990454966124,0.5962720278769869
1700000046.0,52.544921586602186,-19.956770142681187,-0.2584221614829426,-0.8916610078947637,-0.1599625363199248,-0.01720375070274808,-3.05507572725328,-0.20136234092730732,1.3436540391745022,0.03293710765537106,-0.0024645718808191945,1.2615169511389572,-0.008671425002750005,0.5449456051497542
1700000047.0,51.3651294280266,-19.921884423629137,-0.37902937729941377,-1.0511490265809427,0.14979865158267602,-0.024379568571712786,3.036498733935744,-0.19067769725467817,1.5939217833970656,-0.019281282387100133,0.009218452207499853,1.5565956077608647,-0.025315010915459277,0.5592810055925559
1700000048.0,50.895754938478206,-19.80386598722669,-0.3360115687691891,-0.7235424631747049,0.3382611000918393,-0.02131664839501963,2.8490977901248833,-0.16876541105095766,1.6208461439234112,-0.017026626197850878,0.025373658106247608,1.5888517069263406,-0.02641139505872936,0.5747395535210299
1700000049.0,49.30007353397415,-19.572160311331604,-0.2844970657097418,-1.1392813292751398,0.45312317166723803,-0.020219980599612646,2.6709342750435883,-0.14228144987080693,1.6103270136962649,-0.0716925994569329,0.022897143011106263,1.6801581084196004,-0.027217133249809938,0.588964101684269
1700000050.0,47.55819908335772,-19.103395202221712,-0.3045352344933552,-1.4964179381620974,0.6107898476189149,-0.01467680620298272,2.5611275156522106,-0.1161351428298098,1.5838009650244902,-0.027571765261087847,0.021508169946927377,1.601274815500598,-0.02644037567248658,0.6019102193194571
1700000051.0,46.32533572629022,-18.32769988163264,-0.07247632172502572,-1.5134213757953894,0.5708867140951202,0.021803939071719743,2.6289478202783445,-0.09167675525720555,1.2479962295718405,0.044240362408803524,0.01106805608505177,1.330569057525252,0.003275066892106663,0.5459506668258175
1700000052.0,45.29767364047977,-17.257012490229403,-0.02300747048601716,-1.2796247608405276,0.9071939220811855,0.01937182851151048,2.556743468653415,-0.07325174625371911,1.5452571900652137,-0.012747616986615421,0.026682055413344438,1.583160380028694,-0.014943933773940486,0.5604817631845082
1700000053.0,44.585735837015875,-16.369567600144247,0.005791952127744209,-0.9259345516754984,0.9693965295867313,0.01840027130709978,2.4752472068165114,-0.05884493125128762,1.6825009500179477,-0.08714023428665954,0.029550924946220407,1.650895750357971,-0.024897571912162006,0.5776054924186649
1700000054.0,43.218720732794715,-15.846008741906912,-0.028661199221334088,-1.0730964497643212,0.7660836891734832,0.006791405148909578,2.3786411600888586,-0.047570657047661634,1.6519505790002957,-0.10750706363700999,0.015232735763958798,1.704387687976303,-0.03453275514089399,0.5978441741838231
1700000055.0,41.39364034341633,-14.375864813936179,0.12532050420772853,-1.457664011425793,1.1146091798586042,0.02557970446666937,2.2968897313925107,-0.03867602530911603,1.584355045526695,-0.03606803048631044,0.014789982515501177,1.6177729380299122,-0.014607081537229394,0.6029584958926105
1700000056.0,39.52283205180115,-12.691694106527269,0.41137881138495114,-1.530417753466614,1.4738025275484463,0.0703707606875963,2.030349563285034,-0.033581657684464104,1.246555514174018,0.0568184238131208,0.023786314410587116,1.3760050943753515,-0.0018636147339038786,0.5472003142081541
1700000057.0,38.914921729924046,-11.071561421988122,0.4315462076024746,-0.9354210189185319,1.6477732773933937,0.06316015463110997,1.91189038485891,-0.0281014088670811,1.5421778134902087,0.01439703482138503,0.06419696594463153,1.5583612761055414,0.01465893487319458,0.5711544924314241
1700000058.0,37.59252544156032,-9.421997696117492,0.26637778138104884,-0.9913692785711464,1.652795458466417,0.038133372879899353,1.8895304914700015,-0.02269338717513987,1.758191274559337,-0.08998520143428113,0.06653665789815424,1.6213333245158263,-0.001891243778126683,0.5863291047407891
1700000059.0,36.125707989154165,-7.615327380174052,0.20996841569909827,-1.1581920549066322,1.726372102119723,0.026907763145474606,1.8548264933189162,-0.018011594423700934,1.5970692773930681,-0.05495006953196769,0.06367212598529047,1.6511553340663623,-0.004831612927883483,0.600547344527165
1700000060.0,34.238921202189616,-5.54215179629086,0.2989810330145599,-1.4661425542231323,1.9589194413961826,0.04467227161485809,2.0399362122102196,-0.011259355291384724,1.5774064287139389,-0.03679138489952778,0.01990990048172719,1.6199321291835012,-0.020387566616902723,0.6017261472138861
1700000061.0,32.84498588537475,-3.4939465196310744,-0.08005216623333627,-1.5200173757765312,2.08356004069889,-0.015267188077020696,1.9633168935277017,-0.008048795904301305,1.239557591877111,0.008511195182389244,0.011911718148458225,1.2918138395889687,0.009504375791847293,0.5332621479548851
1700000062.0,31.063544410101187,-1.3509300277669563,-0.03892409664132715,-1.7213051122157674,2.148926856223885,-0.009174673131031645,1.9591989866962813,-0.004328587106253565,1.553114757453778,-0.009925564746679143,0.022584052169374348,1.5637265226377393,0.009478570795505728,0.5485681060449842
1700000063.0,29.73325104187723,0.29505229031461566,-0.09399042543736735,-1.5619727752582206,1.869668556433907,-0.0197367801982278,1.9703450517312744,-0.0006176043765384729,1.5888215047301486,-0.020119727731398595,0.03216228007798037,1.6010357300911569,0.014372714183157692,0.5656881702737449
1700000064.0,27.96002143078749,2.269842468834217,0.009637489555663917,-1.6879578917745102,1.852849730326798,-0.007912508341942905,1.9671880198235232,0.0029895607673570586,1.6177748045225773,-0.10536628816314855,0.022676381445127937,1.7362644091378125,0.010545841556999431,0.581206160532591
1700000065.0,26.348553709522,4.365304809834434,0.05392660771659662,-1.659277176694957,1.8962527502980724,0.0009449948591569819,2.061382009594879,0.00781847345820297,1.584950247942132,-0.04386270427598339,0.0051759868619925715,1.6251034132768831,-0.003542057642859935,0.592567811891381
1700000066.0,25.245337051806747,6.116876073661989,-0.2885665468482102,-1.4053015392222727,1.8358598368514305,-0.051882045387581774,2.08363849753748,0.011969105944465845,1.3132543818544817,-0.05589661898012152,-0.006977810059394526,1.2942345994792248,-0.005040733422232566,0.516103402318723
1700000067.0,23.92909683894753,8.028589838933298,-0.2775119864027985,-1.303803623263634,1.8226781640337673,-0.04683475230005805,2.109101296588858,0.01656083531942511,1.6832091792944324,-0.12446812782562428,-0.016590956926750614,1.656739403633569,-0.01856392346377453,0.5322079762524304
1700000068.0,22.40224902579306,10.203672961528135,-0.2955154313052696,-1.3655621997631806,1.9528168730047266,-0.04699593421177041,2.1422055945585403,0.02172590843756267,1.6481419797294037,-0.06163763683060768,-0.012077849450233285,1.6261616851378744,-0.02307010609003061,0.5484308274481688
1700000069.0,20.78394273263668,11.664078514968908,-0.32222295015468183,-1.4672517397566562,1.6253450248564407,-0.04789427458344012,2.204987072589853,0.02791346052626786,1.585507130643121,-0.005373111594039747,-0.0007765801268386727,1.5576903813947698,-0.02636762645417882,0.5652440511849367
1700000070.0,19.27554556087158,13.314678906938264,-0.2641397746094957,-1.4757855511744582,1.5355508208891413,-0.034654473870613,2.1823274787791846,0.0339828298832324,1.5859966267145942,-0.041453924169649374,-0.005968446062172178,1.6119509069988125,0.00024756799411767265,0.5786102016735316
1700000071.0,18.174463731882106,15.033984350363319,0.5496012199777482,-1.3596963286469368,1.3437331240674322,0.11725483729351951,2.2098924375625293,0.042252685735545706,1.2441572331580464,-0.04275505867815939,-0.008621365508005309,1.2719350388175619,0.008174573634819247,0.5037774406989026
1700000072.0,16.697383361123396,15.676672038522252,0.6101347078379247,-1.4184781521651315,0.7275292453874165,0.12129953850021223,2.2312965992305123,0.05217640902548697,1.5969690860354755,-0.08256812166352254,-0.008438325322190205,1.591601685667443,-0.010482331610873467,0.5176897502190638
1700000073.0,15.389211732652079,16.36729269640951,0.6078139175292335,-1.350220975120392,0.42536207679348315,0.11442097853607831,2.297795403028576,0.06492763068058899,1.5771994880576399,0.004217359305134711,-0.019314163065993727,1.7311229869357991,0.0011606245418600675,0.5339942064661761
1700000074.0,14.215169322993018,17.654213340079178,0.6348490554557362,-1.2200044059580077,0.6351272965381229,0.09251581799292764,2.372675262246512,0.08076097805122219,1.5784711597222862,-0.03154139578982246,-0.025620721344795434,1.6485820142840302,0.011870074110830846,0.5513170899188172
1700000075.0,12.854806259703569,18.297392981969416,0.5955860554008162,-1.2356083815887389,0.471512166043891,0.08987573188754977,2.4747419624862177,0.10052312595396068,1.61424125461613,-0.055700251852326646,-0.01903838846396078,1.6043334044925839,0.01560530770040782,0.5651139871742599
1700000076.0,11.508330526401268,19.04672170769238,0.2857215892284359,-1.2623847917553324,0.5048575175284227,0.02120563447660563,2.5817503170649183,0.12419521543823239,1.2658571772693092,-0.029940549027281896,-0.002323838329311652,1.2448926184375857,0.009259521180974204,0.4960517539595682
1700000077.0,10.716368554741601,19.474783865164525,0.33682224012144785,-0.9354472678769217,0.36810446720568585,0.02298295570622577,2.6808919186996523,0.15029401781971852,1.6725973095493731,-0.031899067333672676,0.0012885854613750236,1.5486541067968127,0.008332056834749453,0.5103590623798921
1700000078.0,9.58271549591978,19.921686978575128,0.4484526609653215,-0.9317612185335764,0.3020689371960349,0.028292399675538572,2.8619853162541933,0.17640116281885132,1.6767871781853192,-0.11661411689231198,-0.006362800042121573,1.7026019168896795,0.00789670542013609,0.526533849781507
1700000079.0,8.311606138923526,20.45626368359411,0.3507747820449645,-1.023260131654506,0.335105182189408,0.013155677932863015,3.058332306429387,0.1955642058218342,1.617217517574823,-0.05569906889173103,-0.004765512080119636,1.5984345678331588,0.001610302539767867,0.5437850940415326
1700000080.0,7.601002120607452,20.158035875072294,0.22186136804177536,-0.790109733009571,-0.07340890520452231,0.0037682384338355614,-3.0105751624472443,0.20099332496427139,1.6148593755309353,-0.056332168529824506,-0.005740293514623992,1.6036023376258175,0.020972789598293674,0.5601486231623493
1700000081.0,6.613940735194149,19.825663079438655,0.11940759612099619,-0.7368941328532757,-0.38772253602401097,-0.015022021331016287,-2.7917183805596704,0.19085152723210488,1.2749929262346074,0.05487912789178575,0.004386875572434285,1.280425610848705,0.03335276705856002,0.4999986204163439
1700000082.0,5.60387440897711,18.986605890812616,0.06278263068180638,-0.7921711533730166,-0.8127789912020598,-0.015372045756057101,-2.640974651543124,0.16900253637928306,1.5347688172124079,-0.00392622945566379,0.019258432230874107,1.53996397245438,0.04214608493176715,0.5151124933861234
1700000083.0,4.58171826934933,17.934527104949186,-0.011333919513842335,-0.8474318918607626,-1.127899151917576,-0.01890985581833738,-2.494433702777416,0.143277908062593,1.6055262064965112,-0.003976687092101173,0.035027923345349966,1.5725356253381972,0.04566131044278564,0.5341491231504678
1700000084.0,3.9658580882640204,17.133999155471063,-0.019305764074720462,-0.665552473380852,-1.1334449250028649,-0.024258390015706024,-2.3925994887327224,0.11875402673060492,1.6471464469867334,-0.030939730483471022,0.04986740648809463,1.5635861039538723,0.03981613549859923,0.5535889120091657
1700000085.0,3.457845770536329,15.959166456805745,0.05737599128338288,-0.4915221023447409,-1.2757866336235513,-0.01079273100590655,-2.245942850150174,0.0985792496073855,1.624353859789577,-0.0712773410330595,0.015559482181050438,1.621634629753362,0.017583112949325994,0.5634881495004727
1700000086.0,2.6423297241337083,14.171391816976232,-0.38468962213186836,-0.4942125053583193,-1.6773287462929716,-0.09201308009661352,-2.1744104619960174,0.08185125591142466,1.2431722550839184,-0.04984121791415297,0.009773716890553268,1.3718833550973943,0.004429515947862695,0.5039337823187072
1700000087.0,1.82928892620267,13.249770719974316,-0.43218051657831713,-0.6157260928724584,-1.347939315826201,-0.10211149290545288,-2.153871544278184,0.06850654463030793,1.5942465964379184,-0.019818174865677468,0.028117745467413066,1.5505581935999924,0.005982847059007655,0.5195968732809716
1700000088.0,1.4957034915647123,11.71451311316681,-0.4279449704204521,-0.39508867100702405,-1.452399134055355,-0.09469664371882916,-2.110897558336276,0.05842370691919426,1.8151418555112215,-0.186320899131411,0.019484910960893637,1.7168467785300197,-0.004691673229608054,0.5389100277461468
1700000089.0,0.9920372333637042,10.10441149811697,-0.3866256911527003,-0.36673319005730626,-1.538308189171514,-0.08387121003271539,-2.054125419159291,0.05098706827473817,1.5935302574230799,-0.0628485977273183,0.011526534355675544,1.6466711225326032,-0.0040937234480061604,0.5562947490940313
1700000090.0,0.8390150175713283,7.93141655955708,-0.3907811563707904,-0.1665502649899186,-1.894002462916592,-0.07074319102310565,-1.8981311411542952,0.046415826493988725,1.6199139002379987,-0.06812940861497996,0.007406150213290215,1.6206523621271887,0.010032757478468764,0.5718173395778067
1700000091.0,1.190854156536297,6.17763287361473,-0.355757304766571,0.08268656437682917,-1.836822426287451,-0.058015915376346656,-1.902293955656234,0.042002904744018556,1.235210065362816,0.014276492266490545,0.030180956315488915,1.2379706179849368,0.006297575515810435,0.5167871834769583
1700000092.0,0.45779416162568964,4.484428509400061,-0.39720255338991894,-0.33709067577343993,-1.7510824949470587,-0.06586923770162934,-1.8524230762190743,0.03930935881941692,1.5316586600298372,-0.012594418681657225,0.021538099147198793,1.6015744438644282,0.031193321348787693,0.5335107897033167
1700000093.0,0.3174119959998051,2.730751308674442,-0.3201670775432951,-0.2513283473529085,-1.710965468127298,-0.05480984791511988,-1.8200956427935346,0.03759533187792913,1.86193766730324,-0.13346943654109475,0.020234312648665778,1.6336066074636038,0.014909733956541119,0.5508264923676396
1700000094.0,0.20223053214873385,0.7270998922964459,-0.2882033086356276,-0.17803165201545962,-1.8119307626871979,-0.04778688298310615,-1.7727279418935005,0.037011705661513274,1.6697800118159034,-0.09468995459679358,0.01237021033093388,1.634245688998842,0.006340685704679278,0.5691944584318923
1700000095.0,-0.14562000244651585,-1.109397347080079,-0.19039832477423144,-0.24421436333369437,-1.7612095911789134,-0.027534663931316834,-1.6436767540293327,0.038015383482927094,1.614350961853223,-0.06531632898326853,-0.0016736287518721155,1.6244744298285005,0.005734736743503945,0.5810523860244897
1700000096.0,-0.43504266741933917,-2.850403665168872,0.15836314868540372,-0.15287291441992726,-1.9218855012844338,0.03183264332320253,-1.6046930215161832,0.03922461583114571,1.3439391107314185,-0.0712194929345498,0.007838843760903448,1.3500777086525977,-0.009542841570384635,0.5272466940496645
1700000097.0,0.169512825225152,-5.273413169236534,0.1635945562474618,0.36211422222623196,-2.2539749030311333,0.03021467628615111,-1.5547562548437948,0.041435891090822685,1.5800887704464908,-0.04569568539077853,-0.00781588438389331,1.5703343815683342,-0.008410804338023511,0.5430803726687253
1700000098.0,0.32918694626603456,-7.124343402727122,0.16547995724260942,0.39942352838552525,-2.0764209234061948,0.022022023039074617,-1.4738563954354305,0.04524403365082628,1.5841528747047764,-0.0029851835589282355,0.0067173753240479875,1.5759497118751946,0.013020566848411495,0.5650344755686444
1700000099.0,0.5517848349376693,-8.972444853730204,0.18576184021735434,0.40462570606329096,-1.9375623251769545,0.019136960965017533,-1.412576498617855,0.050071087014873734,1.584218511044009,-0.03979811247802732,0.009195432679259737,1.6354964027195689,0.021594426004200112,0.58132591934473
1700000100.0,0.9259203878732964,-11.028153186016919,0.28574958237025705,0.4599677122191759,-1.9485834940622782,0.03709246476236068,-1.413265156923553,0.05600100962193331,1.6074871297862035,-0.06439967731976676,-0.0067608848516248436,1.6348579778909875,0.015159482027470661,0.59432664105627
1700000101.0,2.102410015082525,-12.591083624497129,0.268546931834359,0.7744291470464526,-1.656532869817037,0.03720465049599763,-1.3291950587782169,0.06480080768202312,1.3894398182015955,-0.05894050834689423,0.0021291024104439582,1.3493957067986524,-0.004211361960688539,0.5409306717440706
1700000102.0,2.9956251765369823,-14.270798988449997,0.17934068899877242,0.9006060106924697,-1.5471782830402507,0.026073337896315628,-1.2744345857607657,0.07593475460314705,1.538222542155571,0.002897874589366347,-0.00642163227366287,1.676723897211021,0.028985297533112866,0.559505726092122
1700000103.0,3.459871670003436,-15.2683861738781,0.08505126922556812,0.7160296227981358,-1.1057654520006044,0.015414575621270517,-1.1679222288393067,0.09072635875372129,1.6071488568935657,-0.05133859125142283,-0.009631960749366857,1.656126643613557,0.034653835529708174,0.5761836789596594
1700000104.0,3.817262579315682,-16.258306426648254,0.08625846541240068,0.5185838146378156,-0.8360692090657843,0.01535906899597002,-1.033936975426964,0.10960581234532753,1.6686340682498162,-0.16804139613203994,-0.02365354388551457,1.8262294738071971,0.03369309780627099,0.5949608165269066
1700000105.0,4.444541161628683,-17.676623081889854,0.054675271872844676,0.5299326773134929,-0.9540411440500083,0.006368990186089583,-0.8962456659675303,0.13233953125450174,1.6165492673823123,-0.0721079136347806,-0.02142697601192567,1.643420168965455,0.019932084736610383,0.6070929205331242
1700000106.0,4.943272898093591,-18.2087396839536,0.8410599103284111,0.5392661930175868,-0.7394762198000605,0.12565458357681908,-0.7272372070403019,0.15796031066726762,1.4919444658829555,0.043933507641041154,0.008818229836738545,1.2337904290977748,-0.01776403266943069,0.5512097199603929
1700000107.0,5.812877854626011,-19.22510199253419,0.9333751343455527,0.7165595016704939,-0.8118877404408625,0.11999856702250726,-0.5595738849107694,0.1823839190796126,1.576083472452819,-0.042084545367068654,-0.005453104289906785,1.5527827229687168,0.00451983700183423,0.5667858392396895
1700000108.0,6.9207038091531725,-19.468243138748253,0.936579254051659,0.9532899757798026,-0.41663913610400627,0.10985141611958969,-0.3133793247367706,0.19953071406224884,1.6579669046696792,-0.015908028306033852,0.010825005164037475,1.5754951900274685,0.005713207825254427,0.5857160530183334
1700000109.0,8.001267250240662,-19.881055379557047,0.8528359371380511,1.052287397335651,-0.2790548857938767,0.09146609363275109,-0.12570322633249895,0.20196903250924966,1.5689262820975185,-0.00442666312921733,0.026370373594092788,1.5675024016088408,0.011111566981237874,0.6038114167658206
1700000110.0,8.99639811019994,-19.825962195416412,0.8508979358110015,1.0763731597975583,0.015206786648240489,0.08835727084431871,-0.012593240606745446,0.18846075284265057,1.616554842703161,-0.05915434749745134,0.0094617889105134,1.6041838086644318,0.023076630610085205,0.6143726269221518
1700000111.0,10.03965079760457,-19.826371045912353,-0.03171304143396758,1.2577289266631841,0.16313375337538896,-0.04745999490701852,0.004067084911666963,0.16367163282956082,1.3212899380249632,-0.053887304111869094,0.000314619424603844,1.353548624706809,0.01257540533540087,0.556247437034505
1700000112.0,11.191444409696631,-19.39726975904,0.010014916553962028,1.278151450735741,0.4772148160648232,-0.038950658963922954,0.1548080656983323,0.1367317445943084,1.6082236983404246,-0.05627024695566216,-0.00042741640694877504,1.6086954287192072,0.02191483413268194,0.5720632391308109
1700000113.0,12.195310230942969,-19.131735403611973,0.018113382969066817,1.178024601181427,0.5281544226956506,-0.03969409054269525,0.28965471604088,0.11150167034263206,1.598389221776431,-0.039186340735978674,0.008220583205307691,1.6194262550495628,0.028642074667451868,0.588686785965223
1700000114.0,13.379494296286866,-18.34593106308889,0.03837123201360868,1.1925620796783034,0.7896859140021072,-0.03389018092843488,0.3832769029804989,0.08978686235013973,1.6473817554789119,-0.11298872435288927,0.005984825589754274,1.670220356344427,0.02580233054313144,0.6052141190265935
1700000115.0,14.715486774376082,-17.31809489022315,0.01571383461280215,1.2780206370616498,1.0618313426397648,-0.029772554549249628,0.47219665994948684,0.07216948290001401,1.6233647601316037,-0.07184983897409693,0.017726605776491617,1.6208032392392215,0.018362653231943048,0.6187778578012988
1700000116.0,16.77675587648059,-16.539703555844476,0.29682342640574105,1.384609484898892,1.1766176789014957,0.007144455088299962,0.6171578254359497,0.05878043923943256,1.3087708428175255,-0.0923908549674391,0.0024213720946710177,1.3208161641525638,-0.002181891454493402,0.554709137666193
1700000117.0,17.592876145460654,-15.23685532601237,0.20853874767671454,0.9929057373787191,1.4183595223664958,-0.0010064657193346298,0.6517639938786339,0.047239876603410225,1.710709548574443,-0.07164327343299905,0.03286766817216165,1.5545258396142982,-0.02183887405483371,0.5732210200105634
1700000118.0,18.67192560380341,-13.482518076220595,0.1745053082244984,0.9138306738756932,1.7623608758888314,-0.0008667759960736656,0.6659959235505936,0.03781892199434759,1.5775192786139303,-0.028517747113145704,0.02566454036060925,1.75572352940633,-0.0052089534432307955,0.5876071341035884
1700000119.0,19.662144068356067,-12.199710126024476,0.013433082361160503,0.8244474018495664,1.6370261785350362,-0.02304082551580431,0.7324018941205533,0.030558890854881504,1.5605855678165508,-0.01385706709683336,0.02422172954566957,1.629909861770133,0.008184389769684032,0.603752961194841
1700000120.0,21.224627682726172,-10.80011410583106,0.1006934971267007,1.139430915077631,1.5736716436221416,-0.014875567594665361,0.7200988693821676,0.02397184102238955,1.6220900041418855,-0.07596010673506935,0.010268189630460353,1.6300215895648242,0.017643827259647252,0.6190550616036855
1700000121.0,22.72263856265602,-8.701612861766863,0.37605814784662817,1.372881461224523,1.7689628014186922,0.03220701626894774,0.7416660691009613,0.01858563081420623,1.7096475381469323,-0.06678677771401306,0.011690648982034278,1.265241774748015,-0.03410682277823221,0.5532194309305724
1700000122.0,24.189571891834653,-6.884155498951446,0.3865618762759309,1.4623276115345016,1.7991527315751668,0.030617751651003826,0.7618654828190868,0.01403970157971592,1.6661854380509589,0.011789348811447572,0.037245696112570836,1.5310738406827535,-0.02197642322164744,0.5727484622054675
1700000123.0,25.43091934638614,-5.282174277128701,0.3625156996553538,1.3675575602501575,1.6753277789798706,0.023011294969660215,0.7677222705556097,0.00970516018306961,1.6317722901905904,-0.0391872058361445,0.04543560558588386,1.5978798915467423,-0.024547729010535688,0.5897738834879914
1700000124.0,26.635152251677983,-3.4434283096632456,0.3484170803520833,1.2703929601563733,1.7181264371917992,0.01865017827140973,0.7554178187324748,0.0056886612168933195,1.5844270785015246,-0.06511846096107429,0.039486304632554474,1.7124945845434218,-0.024946640436447915,0.6039388817117053
1700000125.0,28.809552437651128,-1.1762589082900567,0.3806620861190448,1.7536038063983965,1.963178206916574,0.02122424529091547,0.8069730529498722,0.002394755188717814,1.6146179006130166,-0.07520701645324394,0.005854933271632252,1.637778018819223,0.0003041732492413994,0.6125210740192897
1700000126.0,30.624420614762347,0.2014449808732558,0.18280824457330785,1.8748442609037106,1.607308210665134,-0.009956077054464888,0.6593059915155522,-0.002399781829929738,1.4087390659134071,0.06601289111696741,0.025235391409691974,1.3116392068944638,-0.021791997647044058,0.5463870148061866
1700000127.0,32.370925156419055,2.285834917294691,0.14957442190440257,1.8211470253149606,1.793662222106658,-0.016808718142706118,0.6752701325480793,-0.005857329314782404,1.7215541745645215,-0.083601033844255,0.03400719393920856,1.5715588696807004,-0.027397512109992295,0.5613851657956779
1700000128.0,33.616428407992494,4.296718650102629,0.002458939826551626,1.495578928140234,1.8597035791531449,-0.03294288678942012,0.6728119976980557,-0.00961927177658423,1.5759712356119095,-0.018915377815684392,0.03322396386775155,1.6339655485998479,-0.016053160251443613,0.5776594411148848
1700000129.0,35.037619185635414,6.262668647348809,0.01869683725454755,1.370446826448135,1.8679643847523646,-0.028301006918771607,0.6487139108794893,-0.013765931475841908,1.5673340664568307,0.028740580460400022,0.019717652877058223,1.7316363737799547,-0.003069315100612429,0.5979025206006653
1700000130.0,36.06721526380857,8.473514002557435,0.02179947125538131,1.1172293956401933,2.0120691990738986,-0.01548274673479424,0.7044617825372758,-0.017793975268132724,1.5899873497416603,-0.06303422850916994,-0.006326359111159878,1.639437234703299,-0.0035187678157894693,0.6047375855295647
1700000131.0,37.55885051595298,10.47974403182376,-0.1528190924135762,1.1934941486900974,1.8933298446943012,-0.03656452416268917,0.6925904437995761,-0.022796781790449028,1.263888272165028,0.003588214849249836,-0.006832312761387537,1.302202667762492,-0.0054419308776890545,0.5362540083116695
1700000132.0,39.152943101804865,12.194020890846947,-0.14118048991677037,1.3606423372065002,1.7085159247561312,-0.03482706646292624,0.6604165380826936,-0.028816444821279874,1.6278788262711834,-0.04679911662648575,0.0003743669635876335,1.5555845218289612,0.0007719647296184884,0.5506677705549597
1700000133.0,40.77527306977751,13.611293324364219,-0.0407757323474868,1.4839471564471083,1.4345333523622523,-0.021845696223692534,0.6232468576149789,-0.03594386944979206,1.7882690157643581,-0.059942906215290435,0.0022308350568411494,1.5862648732063975,-0.004927362578824683,0.5686775797466117
1700000134.0,41.65017369329326,14.56545897358772,-0.01872203768312418,1.1621453085643116,1.016176557273183,-0.015786146918620243,0.49921837940337555,-0.045026912418461136,1.7887534951138877,-0.09052606840955403,0.0036232127768883837,1.585874225724306,-0.018705431113655333,0.5890433175574089
1700000135.0,43.42363410382057,16.297542958586362,-0.11925694618744093,1.4243223720198077,1.1954730975990986,-0.02948609364522612,0.5580827952232363,-0.05490063349970524,1.6459199853092097,-0.09127793069245185,-0.01883687564356471,1.6418486105231034,-0.016162446581346933,0.598666427026982
1700000136.0,44.27017208562516,17.578512336544488,0.3708986369589143,1.3039185039080055,1.0777775571200368,0.052337909159285156,0.27183952882178497,-0.06959846369687883,1.2534194060360953,0.027594081229474043,0.025244272518652428,1.3124020502379337,-0.012580277564490724,0.5384327836190732
1700000137.0,45.59873370906894,18.54253868655844,0.3777217695309883,1.3414707669971255,0.9277236821935099,0.04802975399923767,0.19123671219121322,-0.08608232130388085,1.522385037183328,-0.011038304684482698,-0.0014364847027325503,1.5634794655850752,0.006901369779608783,0.5539400565070538
1700000138.0,47.08364347972198,19.139437043895906,0.34594068307449843,1.433018355151476,0.603787187621382,0.042273446778757044,0.09851586151989779,-0.10639460396931001,1.639517324745707,-0.06046787670322959,-0.0038918332613589435,1.6235151361855407,0.008485410056527856,0.5701501473854477
1700000139.0,48.38663209366258,19.47431893235677,0.3383497259321648,1.3762411076952914,0.2814083892455331,0.03922715980973901,-0.03517558248823907,-0.13079557702662448,1.729782366373446,-0.06790844966491552,-0.0035338017083797585,1.5874502055440802,0.0028234196888547655,0.5865708520587045
1700000140.0,49.884900736702015,19.677020204547176,0.2633427583392906,1.4198393567300676,0.038521142163884775,0.033863813592916646,0.08312850302552423,-0.1558190024152354,1.6236669022752337,-0.0759096784689667,-0.006140751167226645,1.6326983472958776,-0.028728804032985042,0.5977658906720522
1700000141.0,51.00165796087339,20.03583028597403,-0.20591331109862632,1.1320478991492762,0.07256398447820753,-0.046094137949339364,-0.07976857495164133,-0.181012553400098,1.2808347117906078,-0.05318519739175007,0.011284294397387177,1.3477416680634278,-0.021468153050973576,0.540323637278395
1700000142.0,51.743787582983984,19.930133673745075,-0.19739148975009066,0.7815671093833536,-0.14327104208986824,-0.03983918017234146,-0.23324365306825484,-0.19784114034130518,1.5508818169446792,-0.05050992876096888,-0.0005437734463485338,1.7578831880457808,-0.022466432842199104,0.5581669408997556
1700000143.0,52.482119921130646,19.99231858956965,-0.07421011518965878,0.5877362935112476,-0.1590351425702343,-0.026014969628090075,-0.46440449248175714,-0.20069212826748375,1.6723568275024805,-0.14634008928621084,-0.0113509546220365,1.775570721904392,-0.029187882677347985,0.5776919351780445
1700000144.0,53.67340648058669,19.713187634283706,-0.13056774553459044,0.7602121076757324,-0.3180119974549488,-0.037865177655906496,-0.6840915475752917,-0.18811352958097763,1.599602667922372,-0.08178582383048733,-0.022997991307717326,1.674033544637403,-0.030803825449916337,0.5959918482969054
1700000145.0,54.33838542092425,19.103260258702758,-0.07906903065388253,0.6298458395006641,-0.5905088305844641,-0.02213536729294202,-0.9089761008350585,-0.1657848239781306,1.6103383600830146,-0.07093653651145024,0.004761050215126791,1.6346765527628544,-0.03371349070393035,0.6066470115216208
1700000146.0,55.346443155424346,17.83453188707612,-0.31324023005878965,0.7287976258774094,-0.9506698217324352,-0.05940328618715836,-1.01160217153328,-0.13985337768838785,1.3967360720808661,-0.05198737568985358,0.018656976259679423,1.2477705059560371,-0.00981789797923013,0.5492799980876011
1700000147.0,56.2151210139613,17.02906118529367,-0.44803131295350657,0.7542591757095746,-0.9546070340305293,-0.07113947726274061,-1.0933073837172813,-0.11577138953398652,1.5661642075062159,0.007606271724795534,0.04192337379906549,1.5423019564267468,-0.020769708843946237,0.5682541072312072
1700000148.0,56.90121220682426,15.875879841461307,-0.48711818564267884,0.6765733061901922,-1.12972879276683,-0.06919368355104712,-1.2053813209512458,-0.09593918097574616,1.5757211826541793,-0.017536924242607447,0.04095011711268651,1.6461085546127456,-0.01584803272402021,0.5836729688521781
1700000149.0,57.852555579134915,14.451483380754153,-0.546348769374156,0.7862226187297977,-1.3609643194780503,-0.06889616020759481,-1.3076857212655983,-0.08006580362777406,1.5936193245112935,-0.06497344886940443,0.039297231925501774,1.6592001230122986,-0.012788584964592026,0.5997002013051582
1700000150.0,58.34519610953791,12.898177656004005,-0.4897295377675307,0.6168508621817597,-1.5497936027759713,-0.055888291785230394,-1.3651178785881883,-0.06773592593321669,1.6069936553629434,-0.06654102005528323,0.013418013082282382,1.6340664458672958,-0.020227086078846854,0.6129950799670182
1700000151.0,58.35032517890918,11.42895213882544,0.1753382770855002,0.27293555684605836,-1.6132385646487193,0.046410094284547204,-1.393133743998218,-0.05812767019398679,1.5203888254940596,-0.10231251902072178,0.015586920053847876,1.2503642185583141,-0.007108467248525315,0.5599170079945229
1700000152.0,58.97388075496732,10.085134905560091,0.2752847018662834,0.40083501915394026,-1.5547159997596736,0.046960961392414895,-1.4882474326044468,-0.05127288530838996,1.7727415334898464,-0.15173787762976998,0.009784096198781199,1.5836908723413057,-0.036827664132855265,0.5781667424968072
1700000153.0,59.3151060737022,8.04735839354421,0.29065819795151704,0.32810661853516854,-1.8488514684150719,0.04458321890153239,-1.5581325027257344,-0.04606486741263948,1.5924876788459308,-0.03951497292118635,0.003815849022058225,1.7072867917989762,-0.035282033842078904,0.594706768606042
1700000154.0,59.879268652244406,5.925342676697315,0.3340062341712932,0.4176379188091621,-2.059191097084356,0.044851686314380176,-1.6008843429028647,-0.04229170911039616,1.5826632106431202,-0.01524022870317491,0.009298317183556774,1.57799005417232,-0.03312341240954077,0.6098739507889797
1700000155.0,59.99012353905792,3.866547984831387,0.3704884681966329,0.24550462027995568,-2.1009891927513635,0.04785589304451178,-1.599476702957504,-0.03946252537810085,1.6086657636018566,-0.061172617430914435,0.007454953736168728,1.6225405454546147,-0.014650341433989507,0.6211875891736329
1700000156.0,60.0791738460406,2.5817123255081915,0.29755622904169476,0.09227872277507562,-1.835827194617793,0.02917522471616693,-1.4927588526006703,-0.03710392382643315,1.5372590179960277,-0.163188521713267,0.0070403207335403,1.3243274442436845,-0.0059095747851734895,0.5701507514232528
1700000157.0,59.741067719840146,-0.06663973984036198,0.04972324099065628,-0.24993232448067415,-2.297558280895148,0.0038009609176625214,-1.425642043580305,-0.035846945661469135,1.6419607625651325,-0.18486821663261735,-0.024993380387247213,1.8701781796338102,-0.01805422192362725,0.5904473949641
1700000158.0,60.149004408486086,-1.9267801809921377,0.05514198540746643,0.04068546872082224,-2.1407267276156214,-0.006791448165076139,-1.4130115171358664,-0.036002338834578616,1.7286007784524038,-0.005443139423080421,-0.017132532814017828,1.5755013842872987,-0.03333606263093846,0.6060668775930993
1700000159.0,59.634256845781756,-4.027123067766946,-0.056369182755332536,-0.300532445270245,-2.1163430499019524,-0.01700721931997822,-1.4356323543911205,-0.03726484824560923,1.5597691309420385,0.0041459084588131604,-0.01719581245208457,1.594023967161207,-0.025346807192958204,0.6198554983784346
1700000160.0,59.55118015052877,-5.911160701310908,-0.06344978865380148,-0.31807819640180185,-1.9830915839870236,-0.006949087864079334,-1.6256222374499676,-0.04067724033943773,1.630826937218482,-0.08596015863055372,-0.0009306583478871214,1.6446755816849625,-0.01961686505715145,0.6291949676815972
1700000161.0,59.267351145211016,-7.473387168929765,-0.16046760325844497,-0.28670945522420194,-1.7842852479669822,-0.021192266026483896,-1.7221628591792213,-0.044507477205320216,1.3954876696602065,-0.13127408701167145,-0.003453456983156929,1.4659261571376814,0.003408031512532249,0.5783357986473942
1700000162.0,59.06881120428546,-9.397103556771945,-0.17944174969773843,-0.2478314465483913,-1.7940615301378486,-0.023005756297189598,-1.7910698368754778,-0.049596245617122656,1.5928314827001566,-0.10934592589946542,-0.022830381155475584,1.7814065650913185,-0.01284092265557404,0.595723901971086
1700000163.0,58.76154073944769,-11.157105906258655,-0.33350222465458623,-0.2881326429138235,-1.7077755857804293,-0.036409170508537966,-1.846468195290483,-0.05635162966320536,1.5973725057548642,-0.03978896671321088,-0.02553911491926136,1.627313349608486,-0.010417214874174895,0.6100924941866588
1700000164.0,58.21494175615615,-12.974686551417717,-0.36163285046466903,-0.44380350351502806,-1.6864896219722074,-0.03781381853449378,-1.9163931251338457,-0.06543574120010377,1.61453175872997,-0.04092332412204042,-0.025374029402422494,1.5863714296032339,-0.009558233620638876,0.6240956365785012
1700000165.0,57.68074747716781,-14.298101549147425,-0.4564533216735417,-0.4883015617101902,-1.3809111205591698,-0.04121107388740174,-1.8582293468231563,-0.0764987973230899,1.6331336778712124,-0.07500533252822018,-0.01058010945757867,1.6267469959802714,-0.01920705289081771,0.634961651529604
1700000166.0,56.788460026271444,-15.432084307104782,-0.3489979669743852,-0.7319509477715194,-1.0445671282328552,-0.021208241525321025,-1.972021268846549,-0.09188342951781388,1.5296500410548306,-0.20853737489482424,-0.012678748978499943,1.455479612778558,-0.009257183055695884,0.5854671664291856
1700000167.0,56.313252412067776,-16.66605016771512,-0.2524934738441514,-0.6359043457135097,-0.9634215358160705,-0.014605867641744836,-2.0754568007453815,-0.11125014103524891,1.790831807884176,-0.1667332981501848,-0.015246064731463938,1.6366815886439614,-0.035018950795154435,0.6029677650788311
1700000168.0,55.70775137296426,-17.29464340787159,-0.2362519394887244,-0.6374216310879661,-0.6004759983660583,-0.008551619009313251,-2.1870915113469764,-0.13438233996201066,1.589321824852852,-0.03556261440620764,-0.015523256379531274,1.6267374787553035,-0.037303777096148516,0.6160384206339723
1700000169.0,55.12464390365641,-18.520733247530856,-0.2034580476862824,-0.6243175415973927,-0.7499087245178376,-0.013928680684342408,-2.3707205244816825,-0.16025719626615545,1.6133032829679599,-0.07666119944376501,-0.016766073466105123,1.6754529258877855,-0.04200503523358928,0.6304624504844581
1700000170.0,54.099066132950234,-19.215088088538838,-0.30517222564961416,-0.856519275063331,-0.5987030745842751,-0.018566001187133117,-2.5514499790126557,-0.18393538820284194,1.6249010222722353,-0.06786746897474362,-0.00659264258256422,1.6299906009426341,-0.03135489684950247,0.6400460274715111
1700000171.0,52.72304533919555,-19.464921111135606,-0.6306342205958315,-1.131758124319839,-0.2778072896998697,-0.06208151893251873,-2.790283243901364,-0.1988195171100653,1.4571211773057462,0.08727458794167581,-0.003678679456018112,1.2660661439708392,-0.012156525201500231,0.5883706224108387
1700000172.0,51.83125147233244,-20.12291031913511,-0.6275529076849602,-1.034606215673102,-0.3310283648990734,-0.06407159579101532,-2.937428697421606,-0.19857167573972348,1.6909779679292314,0.014484192046830342,0.02436825798028502,1.5445829647143636,-0.03413886361718167,0.6066710697502938
1700000173.0,51.247847912473894,-19.882917930196502,-0.5904371222892798,-0.7723412325767067,0.1136591618004496,-0.055203505829186185,-3.062413134338643,-0.1829976492408448,1.5737551138630341,-0.02899461539658589,0.03040682483385499,1.6959577305208458,-0.027132451962207333,0.619000982308037
1700000174.0,50.291566480649855,-19.898632586614813,-0.6484026829493437,-0.8382027786630215,0.21616531061152894,-0.05877964329795518,3.031350250573085,-0.15865875544238392,1.698894647106055,-0.20255782270791456,0.023282192012135515,1.8429911910436478,-0.03482556799606384,0.6341205535014862
1700000175.0,48.87941713434218,-19.19089896909136,-0.5830020946881529,-1.1410337802936987,0.6215340341188509,-0.03972822457352963,2.861098814262974,-0.13192951907429426,1.6423596170627361,-0.09602746297715226,0.01361432663579523,1.6688965000764726,-0.030239880316797856,0.6413453683067355
1700000176.0,47.62089816521641,-18.686409367097777,-0.29000914828593766,-1.2783012149528348,0.806112570666198,0.0041070043673617634,2.7058388370957935,-0.1073485005985077,1.3525820766014458,0.1067638075853676,0.010486622093646718,1.3964103188221175,-0.020356799776510136,0.5883589990810171
1700000177.0,46.23497270804615,-18.430565547351517,-0.23510957915136765,-1.3968018112984655,0.6454180245792673,0.0009314298125977557,2.667178473439455,-0.0859707222891148,1.5460082129925117,-0.012274030725375053,0.030167116061425376,1.5518965111874112,-0.017497101223817174,0.6034065246165022
1700000178.0,45.19983656445777,-17.41988002554605,-0.14627904776632794,-1.235284315788508,0.9308352955856927,0.00719343626144317,2.645579986528168,-0.06862058777215888,1.5705107456048588,0.013902616894304533,0.03450367362363393,1.697394190679139,-0.005680099306745707,0.6192470306018147
1700000179.0,43.788002198888414,-16.013710500341013,-0.2047239660145408,-1.3337161355699767,1.3110570936722037,0.003435240150580432,2.6193743077223908,-0.05485880388950116,1.6522934482692626,-0.1256976280177934,0.03357722685777003,1.7264192857405407,-0.00995142599151827,0.6321039562646326
1700000180.0,42.48341665047588,-15.015976493693184,-0.1592830581394239,-1.3149483021240445,1.2977437260535587,0.00970852450811753,2.4387048354727345,-0.04462522007291533,1.6313122469298162,-0.08259105130569368,0.01831104500384893,1.6462611503845517,-0.01959071742490414,0.640365019165555
1700000181.0,40.801374683111234,-13.404791050005144,-0.20065225304041054,-1.4884067811966446,1.5822005032879167,0.0041864442991543975,2.3690472917967798,-0.03585687282353379,1.2532794776253449,-0.08213507548715167,-0.01804659151379154,1.5392072764970959,-0.010344600014142722,0.5779643509711849
1700000182.0,39.3734470529207,-11.591320841952086,-0.24388935629672326,-1.4679287991090169,1.837217933129599,0.0012711987446812484,2.322035406682498,-0.028743020168559397,1.5759306309016319,-0.03213011354970136,0.006670995566009171,1.5670834341414237,-0.004928526037901068,0.5928408617466301
1700000183.0,38.051133115955494,-10.158339084286826,-0.11839480780229687,-1.3889010142545126,1.7293758082686417,0.00905556940187035,2.283745418806296,-0.02256951362474413,1.6919473358437715,-0.07164334173884064,0.018620691579431383,1.612822835768807,-0.007349899081924707,0.6078153415259407
1700000184.0,36.653150727165,-8.834968634239127,-0.06182783673465372,-1.3739987650078351,1.5527018329805582,0.011415900300011102,2.2365008684669174,-0.01747527097066921,1.600620306599606,-0.11004201774661655,0.014189829555834655,1.7899543630569594,-0.0073468248698511625,0.622284322919749
1700000185.0,35.068651146463694,-7.292963219123249,-0.11786773301467453,-1.4711647079246262,1.5235972299935419,0.00711367669905277,2.236832628340122,-0.012814401328315947,1.5998332757325942,-0.08389832015693192,0.014328707716193842,1.6899357894182374,-0.014215377183950662,0.6344080778694903
1700000186.0,33.927319948838054,-4.636051424731889,0.6254219795833085,-1.2851258067734608,1.9638977669027025,0.11010741807310932,2.2165525027653477,-0.008722775640666688,1.2479362002252004,-0.06319462499229145,-0.012106810352190306,1.410968302231075,-0.0073857780839803955,0.5649897105869717
1700000187.0,32.00661061261994,-2.9862491320457343,0.6587630004581395,-1.5838562580083968,1.7626394782995933,0.10044471791373609,2.3205259588757126,-0.004277992470579115,1.8401304327523302,-0.006851467612662455,0.029038166843396843,1.5260743255296991,-0.02712898134068985,0.5860373797027415
1700000188.0,30.678015623352145,-1.2088482870758206,0.5661904285746169,-1.4270691085381169,1.6789464462931873,0.0824284751007805,2.3297559236284826,-0.0006961091616367017,1.5698169583792476,-0.0014672919545100464,0.03238969939529107,1.6027272764100247,-0.018324480948684285,0.5999381935618743
1700000189.0,29.378275094658154,0.7586463217819888,0.6232830860573063,-1.3090627148553744,1.756707764079459,0.08101355202414799,2.347057065310486,0.003056940680207265,1.5824143113326208,-0.05914869553188211,0.03323505821055349,1.7186934722573912,-0.020577970675353285,0.6139040340072157
1700000190.0,27.700498771794035,2.789112674762966,0.6126756551878023,-1.5080392684807515,1.8709558528042167,0.07622862018307922,2.174654877289157,0.005854741146250744,1.6256706563819965,-0.09587254872053201,0.006010970571192235,1.6732960074664605,-0.0038689446618064903,0.6234437235746199
1700000191.0,25.905895577310268,4.827390897334833,0.4257522906433444,-1.5608243726727336,1.9157798068849798,0.04632747511058924,2.1394605185745035,0.009458549028125655,1.2800742845609128,-0.022255827056393614,-2.361832776827984e-05,1.280103006978846,-0.003030575449372591,0.5467948090423466
1700000192.0,24.436144052643545,6.784203644937936,0.41803547118034784,-1.4766157175870172,1.9033156850374235,0.04179703851772908,2.138611355002878,0.013424631861564165,1.5747869220128103,-0.020602237824233045,0.020559462466299583,1.5467762582609224,0.007989646255749112,0.5634448425693579
1700000193.0,23.0022484110031,8.6465257646519,0.446572837172958,-1.409611415156444,1.8300976518796885,0.04089399894013926,2.154052174568836,0.018145223447650648,1.6708754756279804,-0.09899863717021343,0.024142246856926425,1.6635888982034799,0.00738841487276007,0.5785755678818356
1700000194.0,21.55626971056437,10.431635919508416,0.4594745248618483,-1.380270943619739,1.7368904422137805,0.03874108806795941,2.170817523336941,0.023360891833064393,1.6476385000780647,-0.13367197057495842,0.02093853713813081,1.7300544164069,0.005634438160044475,0.5939383205074379
1700000195.0,20.3951369038238,12.003749086488561,0.38789872469814896,-1.2093911102271016,1.5453048860094838,0.031187647615056057,2.254056280829367,0.029735724603930837,1.6310681451554117,-0.09520943135305457,-0.00891149795440246,1.6599004390697303,0.0016250536321076152,0.6061630432453717
1700000196.0,19.36630745541708,13.900149496848432,0.40938063045143214,-1.2251791434394572,1.74733450385157,0.027808335468673704,2.24581667994476,0.03692704258468376,1.3059766444755532,-0.15581089846482052,-0.026697303422571005,1.5192170296429692,-0.002923396182991096,0.5220636840192461
1700000197.0,17.767187913380393,14.9852254708743,0.4864320186621744,-1.4519952229583033,1.3044757263384978,0.029082690157501295,2.301129392601258,0.04577510115666124,1.7086162360199277,-0.08148751962897631,-0.03221967786851221,1.5647973919726872,-0.01007433057414484,0.5369645879753508
1700000198.0,16.137711089506297,16.06926157321122,0.47082067546633394,-1.588302962289797,1.0535996112768966,0.02645509787439427,2.352374005390454,0.05684334011083574,1.5717057795068776,0.01612414215968868,-0.022068574642285795,1.6285380648243215,0.005438180666510779,0.5531982393510393
1700000199.0,14.518182280627256,17.06354226399994,0.47159072826753196,-1.6537538196202792,0.8700740657029552,0.024508338602064392,2.410593707272061,0.07043129688364999,1.552510521146259,0.002569059921147626,-0.013112974407095213,1.5843165701130908,0.02150139540616106,0.5723548131289831
1700000200.0,13.510833832349004,17.976014178364558,0.43432151818135084,-1.3424159110526945,0.7729095300123249,0.022144860064438575,2.4015000072506365,0.08705501768611441,1.607073461661293,-0.06775812076444543,-0.012479927240062229,1.627534562833482,0.01735524388167685,0.5867446959823988
1700000201.0,11.884195449760858,18.884186229844904,0.11124629389765928,-1.305031985196645,0.6309388698222818,-0.01520693260961201,2.427412876137375,0.10768906068765126,1.5225216577221776,-0.33007282103358426,-0.03586352158956141,1.5713518714379084,-0.0018148694752656703,0.5083449490916825
1700000202.0,11.200024904818276,19.34708477436139,0.1771300257860171,-0.8387386737881504,0.3924662965647042,-0.0039045085763972105,2.520323650666903,0.1323660408453098,1.6694886345011595,-0.10354288682352182,-0.019879356801970685,1.6111363697000793,-0.003505259114433201,0.5206770060960758
1700000203.0,10.338120100296647,19.891349595102323,0.11303306108959174,-0.6834029801753205,0.2937828819925392,-0.010865629098898478,2.6954531213603508,0.15942893152928547,1.667371379815648,-0.15314036352711266,-0.03409324546041973,1.8025233831320968,0.0009597454007097742,0.5400734182292616
1700000204.0,9.542322499031345,19.64489224784001,0.15949228220854894,-0.5895579907558472,-0.1512734453659618,-0.0035649742431198604,2.8628229695792107,0.18386795425196195,1.62362106531839,-0.06996292637298905,-0.03935656156081921,1.617705397397847,-4.092150353384295e-05,0.5575760765783553
1700000205.0,8.57165639615383,19.39533422190901,0.14763442935085272,-0.6457792743565696,-0.41766252806041476,-0.0009513893133208051,-3.0957430695715606,0.1995506776708055,1.6102821505181495,-0.07211494509922145,-0.014343581325656461,1.6314596612377947,0.02628506028867595,0.5701135137974648
1700000206.0,6.752684093466735,18.983528865179945,0.4058596436864651,-1.052169198683903,-0.5370842990181994,0.03647452652534049,-2.8724152928136224,0.19955776580104861,1.2490593844916416,0.020106585528956094,0.012039716220428263,1.1945871955931027,0.009312575157814282,0.49694767179797017
1700000207.0,6.038950419568506,18.910599736373875,0.37737947995414195,-0.8383746492108421,-0.4352842390935994,0.024398631387809136,-2.795973649467806,0.18418187622594792,1.7344626641651593,0.1033802903841984,0.05736754297029159,1.5640038854595333,0.0008345939453557915,0.5206257613046599
1700000208.0,5.018493129282693,18.547054859391555,0.3314828740265085,-0.8351789277786708,-0.4736547255297865,0.016844009127081637,-2.6033068704554476,0.16060648146884304,1.7242962713789372,-0.1304708134538509,0.04329884395341113,1.6799984365240812,-0.016139765003519817,0.5357498850240131
1700000209.0,4.691589693800305,17.931349077701974,0.24714018072293908,-0.49242381081568903,-0.6247020822811201,0.006600930763614664,-2.4836964641533785,0.13488910616819663,1.6185561884718453,-0.08912990313877672,0.029250764940390483,1.6782852031961226,-0.027401275417169663,0.5547724047789468
1700000210.0,3.4866916131993952,16.871358630163257,0.24195270265704358,-0.75396919899587,-0.827025842755151,0.007341966648614004,-2.1478601812377405,0.11268708838561936,1.6183472017298992,-0.08153569226178727,0.0025658449233019213,1.639889701052727,0.014157985386595542,0.5613499700500003
1700000211.0,3.002291884480746,15.839964448680323,-0.4425582399328445,-0.5937382805533,-1.160837894155025,-0.1127240110477106,-1.9851174939563556,0.09373998221580435,1.3658922554839543,0.06814701730467371,0.028414342906957202,1.2055062915122552,-0.00660956690096669,0.4946691351822143
1700000212.0,2.43308344384956,14.235826725923118,-0.41566068321174277,-0.5274911020913092,-1.574181497286141,-0.09787467415088844,-1.8988220174675574,0.0784758847237139,1.5748549758934045,-0.012729031776897172,0.029771231180328532,1.5416679110579894,-0.00384995187424232,0.5080410861596437
1700000213.0,1.803880609000047,12.804373738593716,-0.4288578282339245,-0.5323355368030674,-1.677535424461976,-0.09398594982693849,-1.833602443425826,0.06672760333134915,1.5894703813045357,-0.010803795555919113,0.0394366650659513,1.5710773708966896,-0.002115536445618541,0.5265236603530963
1700000214.0,1.347224639334388,10.788122343615871,-0.5212602404094002,-0.45080909401803887,-2.000371106206229,-0.09120576701462868,-1.7735197004367933,0.0576843357389862,1.60810823713924,-0.08051948987851819,0.041327086511390915,1.6442244808592446,-0.006276619713695745,0.5440180374984677
1700000215.0,0.9386707978452468,9.285495628128023,-0.559070211804982,-0.40356387379737235,-1.8735152222655824,-0.09025096039834628,-1.7738194801044718,0.05072226429900335,1.6283970866251913,-0.07054915896057909,0.016146723930452838,1.607180435020799,0.008400020808399215,0.5580892321627096
1700000216.0,0.30512682863187635,7.564525169033656,-0.31930591834725225,-0.44094810130993145,-1.8716369240559807,-0.04917811709510213,-1.7792301851220447,0.045430820304647755,1.274642927939804,-0.1958759044660537,-0.015963662215696752,1.6575042638354023,0.004589373715987724,0.49235104946666836
1700000217.0,0.2044451609354841,5.545288589561279,-0.3454212782801635,-0.20065752771468554,-1.992499854997333,-0.04784522085204453,-1.767798532823572,0.04177573485233534,1.6400659000974518,-0.16279442809097688,-0.019025640934906426,1.727666962524491,-0.006386817649622239,0.5076017532306741
1700000218.0,0.4798062299723654,3.630923265217629,-0.28431760794120886,0.15884759851423896,-1.9764803614208453,-0.03698525631223952,-1.7199137280612493,0.039321076294478036,1.5826918976914766,-0.02658145264912388,-0.017342459276354662,1.6213117834245503,0.00012413741247868225,0.5231461625476599
1700000219.0,0.2199215525712045,1.9338253866197208,-0.28646276886915456,0.07294228121658008,-1.8138793567321214,-0.03801822249505235,-1.6591138794745706,0.03824583482660101,1.5517888011410739,0.0033958918899039754,-0.01907472109738041,1.5939444505955773,0.013970897676086742,0.5430423857442165
1700000220.0,-0.23212897863521825,0.16136962995893842,-0.26575038150964114,-0.14246296949132845,-1.7256891086337491,-0.03216586181903476,-1.5498371930821597,0.038157922470063894,1.6125648834018442,-0.07877271043936483,0.0008351831459604622,1.6392432460879538,0.008326397648641718,0.5572218596354178
1700000221.0,0.04253917177084382,-1.97200246158179,0.161590585685994,0.07094335366195598,-1.8192872172970342,0.04311486788310248,-1.521340775516651,0.038599619472469614,1.5742010105533766,-0.23695019747812604,-0.006336504124417858,1.3344821426314954,-0.014975241742091793,0.49182315842242597
1700000222.0,0.501269904313672,-3.944735156876423,0.18417161993271255,0.35058311101114903,-1.8483612912649967,0.04228587933656524,-1.4633716191621022,0.040205133107168445,1.564721528414353,-0.031236589923696694,0.0069164802646077455,1.5287569315115377,-0.00599837648758007,0.5051284299150289
1700000223.0,0.7715457454790297,-5.627433657411704,0.1398797302556995,0.38883984910709685,-1.6875437939125966,0.034642122955024335,-1.415091100602731,0.04283047196929436,1.572302583785817,-0.006945230924357781,0.011507883106886102,1.5863777121205187,0.0021603151041001316,0.5226832302956503
1700000224.0,0.6760124828781844,-7.932533275758617,0.16888575413249532,0.182020913879398,-1.9346604996596577,0.029711798140599408,-1.364993230781789,0.04659517990453157,1.5831247593158253,-0.05089713602412291,0.011650388303157138,1.6482737406978296,0.0060695860699770295,0.5403708049682077
1700000225.0,0.8569807609323695,-9.680830405922206,0.18686017966496904,0.1804583022318126,-1.8032426672019393,0.03365684033530182,-1.3578469933497117,0.051679974123634814,1.6322349911682832,-0.07664175879143917,-0.00794397299540316,1.614682678485056,0.007719790811575244,0.5564431751177856
1700000226.0,1.1174425518666768,-11.70983753271772,0.0356269357934563,0.2739362261368341,-1.822963197857418,0.0016523659041506947,-1.3454126453502542,0.058628442448756576,1.2867752689633745,-0.13450120687030204,-0.010715105472523698,1.384181285423387,0.0037779026254389056,0.4956814058682764
1700000227.0,1.3761788476662202,-13.717299407774053,0.1184503026949745,0.291666100713388,-1.8715700399095858,0.006981261902822994,-1.2857439817639094,0.0681525477662881,1.5938011226042899,-0.057980399092594115,-0.007802827662398006,1.5751988977175113,0.005104888309046786,0.5097358740696789
1700000228.0,2.088988531344782,-14.59798599846668,0.2128186296751222,0.5643679967388782,-1.2533479018228935,0.015296078744143547,-1.1834882596281555,0.0805901468269783,1.6508182531589959,-0.04843247142123633,-0.005913001418050872,1.5950461317639482,0.007861914329170034,0.5264590747086728
1700000229.0,2.9897932655632578,-15.554963519294203,0.29138039284209005,0.8117282903936931,-0.9074145235664789,0.026221694924522906,-1.1259106502271936,0.09636850713338997,1.558866940217305,0.0499059685607322,-0.015586200434746006,1.783820098500098,0.024273763335721774,0.5486628224123756
1700000230.0,3.367013470441884,-16.49278008513063,0.384340898777793,0.6733890795964053,-0.7036670407503448,0.03549842976060354,-0.9843776869138522,0.11643275216289359,1.5780871401278231,-0.05491894557009572,-0.015042188929484867,1.6400422452515875,0.019728104269689278,0.5640710922324648
1700000231.0,4.621913646276524,-17.210864786618266,0.4311503220611593,1.0469454587184501,-0.5341286708112715,0.04323414017292507,-0.8118057166278912,0.14039324521528543,1.4440629590198155,-0.22173427378798774,-0.016245615360833382,1.4297805716984413,-0.0021970909031755735,0.5041920042320901
1700000232.0,5.352386916675728,-18.293228487215035,0.33999739391597017,0.9579577783099417,-0.7225485069294028,0.022005473146593072,-0.7138865780346487,0.16583291164275624,1.5622343035451278,-0.023152914400162393,-0.008109996500734858,1.5384470664108116,0.010211363032478995,0.5187901666337121
1700000233.0,6.15950398608962,-19.077487613912407,0.2804013436103676,0.9090741357121492,-0.6648883944443255,0.01201882030877724,-0.5572153010869747,0.1883548610933846,1.8308892421611276,-0.07753457532840802,-0.005565524131642815,1.594803516460845,0.002027809845812179,0.5397410857911864
1700000234.0,7.145647182073323,-19.865635452128355,0.26980360444565205,0.9621544830710234,-0.6408120983913528,0.00841616477588041,-0.34954460504897045,0.20089592955682703,1.7052000220381012,-0.1025201513690333,-0.003943157772826949,1.6237610967402314,-0.008879688307142431,0.5606041637471932
1700000235.0,8.239259113143719,-20.113163593415166,0.2701966554406518,1.0529503582731796,-0.36095938231547753,0.01188650739532213,-0.13869700729576515,0.19830999690147794,1.6427416759679265,-0.08737927951218033,-0.0016942608472273878,1.6281161649653604,0.02045908012850188,0.5715535130756386
1700000236.0,8.77801330769432,-20.12789477862627,0.4957260010779535,0.8579554968526018,-0.11019188451019087,0.04259395446505819,-0.011160090957501546,0.18069261208053128,1.239335463178273,0.010248706442611947,0.004242324319123169,1.266649172614868,0.01408015983360617,0.509303426990549
1700000237.0,10.189252457293176,-19.868607953144107,0.5576106672595516,1.179325981547419,0.22434305582294517,0.04587889888535212,0.0709596622354727,0.15510603697702544,1.5234993845961815,-0.007671553225297765,-0.0037819533703533897,1.6819755009831785,0.03940428145668183,0.5275366525685957
1700000238.0,11.38479857203004,-19.6714485940748,0.4998876309693882,1.2500521635888289,0.33426175207712255,0.034478404178522354,0.19870946173621196,0.12822009693420588,1.596233504421357,-0.004875741098218792,0.01307539290658004,1.567933524004243,0.04514424289585643,0.5461708146337765
1700000239.0,12.73238422796809,-19.199751310965038,0.5144944890204309,1.354657942921941,0.5308598338579588,0.033661992852594254,0.3203496630649301,0.10415136826935477,1.6867143716189497,-0.058453991857234405,0.022441821691335496,1.5789955833405753,0.043656301702013504,0.563899042842427
1700000240.0,13.660816164444906,-17.99880837391181,0.48302667108674213,1.1745798635239855,1.0530867410898466,0.03380701956261024,0.47824682481703,0.0840493430737576,1.6442052379802168,-0.07824005024065464,0.019273553622106514,1.6109806790429875,0.017659904830767407,0.5772366259163195
1700000241.0,14.7025077473856,-17.185384297566614,0.15009195008168708,1.125635565546811,1.102720702596861,-0.022094735276048418,0.4616223151069329,0.06650129140194858,1.3358005433271503,0.07582743338056808,0.00813753607514522,1.3792197302734406,0.02764210186863894,0.5151269058791834
1700000242.0,16.21279123041925,-16.179113657873053,0.08695468040005622,1.3729839772953045,1.2191974611308638,-0.02853768634416456,0.5406683408156212,0.054183058544798296,1.5539438709122895,-0.07944231558681017,-0.002387136335073885,1.6683768785694182,0.03141989561854632,0.5261902245656161
1700000243.0,17.23388000579918,-14.862184503356838,0.08092543978067605,1.2161860276802852,1.3860148755537784,-0.027593822708428348,0.570642493862115,0.04349075979016161,1.738239509773527,-0.05567164246272894,0.007495415452953782,1.580282766859781,0.025350931792887547,0.543194030708933
1700000244.0,18.983033430748296,-13.361751152683697,-0.08844173866275608,1.500085379200406,1.557049723986915,-0.041909246322964715,0.6288852742191205,0.03505943283138575,1.6313142565903378,-0.07338101774355689,0.005496926695523062,1.6112836139558566,0.022490196473691472,0.5621779869987085
1700000245.0,20.559847120872618,-11.363752867269925,-0.045894847127342514,1.5972124184845213,1.9070362562885486,-0.025884052120108178,0.6697404697538617,0.027933665215907476,1.6486381422357232,-0.08353880679071958,0.016782900770191816,1.6164858895031096,0.009456684328023763,0.5769816391687332
1700000246.0,21.98612169958735,-9.639735579537895,-0.035519272908542114,1.681954620960309,1.8810078997387651,-0.020976892124972297,0.6669718831629884,0.021943754423086628,1.2432867440944164,-0.027492710067873332,0.014663718658160603,1.2432135591554272,0.002568238394517962,0.5054612817195125
1700000247.0,23.676460286218212,-8.561855209456468,-0.051903466604769695,1.751856035443866,1.439563657818482,-0.027315773459257717,0.7027597962350419,0.016843261077730518,1.6287892983567023,-0.11886808650628262,0.008920677151650052,1.6580879490449822,0.014005108988655373,0.5204940945894402
1700000248.0,24.74284611018386,-6.650173075178454,-0.13759859883655243,1.444471537423334,1.5923173957468801,-0.038877538060724845,0.5911106811193986,0.011824416518816178,1.8672312581529187,-0.27339160790100253,-0.002609059498400851,1.819415298016087,0.0012980261896990595,0.5424393562569243
1700000249.0,26.37368827212997,-4.790072763031566,0.026846695197093623,1.5361375556475756,1.719546510016997,-0.021725006219949078,0.5672805853673678,0.00764080667495977,1.565145692311027,-0.042327335699404195,-0.01515261098240834,1.7192677720811185,0.003030711456770875,0.5626162280317261
1700000250.0,28.12326035053189,-2.4549259380859456,-0.07479917812761179,1.6232144517495637,2.060534991027272,-0.02088178826925931,0.6954305022881667,0.004339688886911889,1.6192952705549122,-0.07853497992391312,-0.0007026845421259598,1.6341401849322206,0.0035656423687421557,0.572696345850649
1700000251.0,29.357174684531586,-0.8025774405116728,0.06815528503017806,1.4830798586503382,1.9787055182974997,-0.0009613455034923717,0.6783726796840829,0.0006486389486402444,1.2127966009099587,0.003219189312976708,0.018041366555497814,1.2104930314702043,0.006980461784821384,0.5070874545784725
1700000252.0,30.760933695227433,1.0320158524807808,-0.09908263566668514,1.4063937896499261,1.8967639007227584,-0.016181205921663368,0.6860076209023775,-0.002875911737337069,1.565523000029408,-0.0724529634835808,0.001527291796717118,1.6563719049093781,0.009640912889306644,0.5222304715223948
1700000253.0,32.46634886343722,2.8919931121278664,-0.056547210079549416,1.537199975425096,1.8569714397984947,-0.012088163933556247,0.7029615279649272,-0.006504393227821629,1.6586404489631055,-0.11234618306674689,-0.003029881145186193,1.716246938443972,0.00882785807946657,0.5396677417654053
1700000254.0,33.831655115815416,5.12922407993818,-0.18836498446879596,1.4351084238943126,2.032807537499675,-0.02398651995722477,0.7106738891104045,-0.010328226997039692,1.7012478873176202,-0.08074645971257909,-0.0037803500821784017,1.5943977509449236,0.0019635969155525936,0.558041616453258
1700000255.0,35.40011325699488,7.216623193944867,-0.27662286423582083,1.4742820855545313,2.0465239184343735,-0.028422151376053282,0.737487918529419,-0.01448007883963862,1.6153698561434935,-0.07438704371590266,-0.005237929138115395,1.629714590286313,-0.0030610619253686583,0.5734161084422336
1700000256.0,37.063216475489185,8.833307702967328,-0.494784113367777,1.5720497458145979,1.8189467953560612,-0.0677028111399278,0.7298087268310899,-0.019066186232962027,1.3567999513552025,-0.07377376174215959,0.0045004899262369585,1.2831239592597312,-0.010259329307332695,0.515711461601279
1700000257.0,38.38417085968312,10.554339959865198,-0.49085705122241274,1.433246273275673,1.6952631140783403,-0.06282157071659486,0.6752899199782886,-0.024505938716607296,1.7792859750831946,-0.15532715772886008,-0.007869240741286598,1.6292413710755045,-0.021360615390597915,0.5325780262607676
1700000258.0,39.75809410100301,12.28479088170502,-0.5702401334319072,1.3672926414272304,1.631179854178027,-0.06588531197458612,0.6410136158477777,-0.030920565135743615,1.6465032892032083,-0.11013648743260497,-0.014367564952712597,1.718223368489605,-0.021343669288661746,0.5499477849328344
1700000259.0,41.02162198259517,13.708981720976606,-0.5783201295207984,1.2618977306250545,1.4262021327893506,-0.060362120989367996,0.6140708256468891,-0.03842675468561771,1.5831934444957736,-0.05681541515117342,-0.019103344695049845,1.6496192303958317,-0.020655088985768795,0.5677412100608848
1700000260.0,42.50627971770745,15.020203807345485,-0.5507629695377915,1.3105409821990903,1.2359703657682475,-0.052079863970642265,0.6445118195998895,-0.04728282644160228,1.6272812301841977,-0.08764643783039061,-0.0189277318397813,1.6464030638988485,-0.011725449728917519,0.5844197796886265
1700000261.0,44.24053157814531,16.080482530268068,-0.2615216290284263,1.3572087197967089,1.0196541019913512,0.0008572573473592873,0.5612530819876804,-0.05879418864667103,1.3981854087298327,-0.06283289469094003,-0.0011943817113316288,1.300698244135617,-0.017178150389402232,0.5304919020715719
1700000262.0,45.115233600121606,17.530597784607274,-0.20710281724806112,0.991804138846274,1.130790582813597,0.0014044505562214524,0.5302089665635008,-0.07289935109643313,1.70140465383042,-0.05251408953800484,0.004387899155124834,1.5405057702041998,-0.032780662861910705,0.5479844968122649
1700000263.0,46.09384406963439,18.244093904388187,-0.161026187407798,0.842023688111146,0.79118219225755,0.007097414488204801,0.48244836370888977,-0.09035041082258546,1.5689329572883237,0.007458488398536618,-0.0034502032610822376,1.6936790829227957,-0.022263644960429402,0.564867961003743
1700000264.0,47.59184901291741,18.892683535055568,-0.12269473981002496,1.0775418748703185,0.5602339838803487,0.005691481944214491,0.4134845680859106,-0.11200430114113978,1.6149140669194069,-0.10195139500662057,-0.010891170696001509,1.7291221930748377,-0.021245574095799094,0.5825521992602174
1700000265.0,48.5315358256092,19.581461295369355,-0.09634312716948376,0.9568158211726018,0.48668184115531166,0.012322508100202762,0.2527777149962834,-0.13750932591048673,1.6402075083129788,-0.08108405577327808,-0.019440445537243275,1.622078769816199,-0.023782654338280407,0.6003846274830196
1700000266.0,49.390700015702194,19.58074005452838,-0.07681268746287476,0.8381944983496175,0.2690191321995028,0.019224373583397597,0.18237484957646388,-0.16407585235787028,1.260341970251359,-0.07995388996440421,-0.0017451693615220974,1.3553013324937508,-0.01105320728772193,0.5454876019769573
1700000267.0,51.11327041595725,19.871352311413382,0.046177333670557826,1.3124014948357392,0.18850710962979586,0.021546334232298025,0.05915899005778504,-0.18728005775385936,1.6588535719793516,-0.10684630864899723,-0.009400806750279527,1.611108420725667,-0.03545322178421716,0.5631948884233318
1700000268.0,52.3514523436323,19.907926139406893,-0.019384409347502254,1.317993209277713,0.03379017525732683,0.011374355507582572,-0.1461967173723952,-0.20006437859941698,1.5870497425921133,0.01909799018015687,0.006975471189240772,1.5851896461106139,-0.0322414110921284,0.5821218902573787
1700000269.0,53.27590869943471,19.80359673895629,0.10016535905777862,1.1343580581646044,-0.1289702718275949,0.019247981493633902,-0.3461934260463199,-0.19726088911707654,1.5895805529935372,-0.02967953190204986,0.02026230193219305,1.5781939054827714,-0.02496703889896684,0.5991921879359184
1700000270.0,54.34534306675432,19.574433505083174,-0.03360583189254343,1.0709368363982694,-0.27938310278938144,0.009905991201525452,-0.49604968102382513,-0.18027788915103518,1.6241520920516048,-0.0832915648784173,0.00656399936456698,1.6397498290204169,-0.030613979909918744,0.6112878888548665
1700000271.0,55.28683595511644,18.1797431746605,-0.48450597906281634,1.0127121622398243,-1.0227809263761438,-0.04935890984589687,-0.5821461565588075,-0.15558139575408675,1.4422858940801522,-0.12094303963163502,0.00847685646138541,1.2804741906882005,-0.017229202995544216,0.5566426321956875
1700000272.0,55.87994834765644,17.29250448994111,-0.5589228277097691,0.7882080805362033,-1.1937598879238491,-0.053874249844310884,-0.7986077213000614,-0.13049799732329226,1.8808898599799153,0.009537994866135829,0.01998566367261453,1.5375550734664885,-0.04915905627362466,0.5800536862412147
1700000273.0,56.82366671158882,16.304817444195795,-0.4587823840257943,0.8250848862500089,-1.2711972773399955,-0.044189138936537885,-0.9420916509819673,-0.10798837630186539,1.6980131108857317,-0.10742864103943718,0.02666219019523722,1.6556625371744829,-0.05605255923942317,0.5971632328582227
1700000274.0,57.699933785327545,15.161848598543356,-0.4535416767597737,0.8166734624660054,-1.3439977275033974,-0.04253965384619667,-1.044733938378084,-0.08943428465725789,1.5581522007856725,-0.03124821727924517,0.027823803744380638,1.6796904356801658,-0.04773915610982397,0.6118500891782913
1700000275.0,58.18247001463493,14.137515200954889,-0.3284478052139074,0.5799104282660407,-1.2287385237626467,-0.023918054962232656,-1.0420335524232984,-0.07450642956810534,1.6082105296199856,-0.0711420576831765,0.013350594150380727,1.647261545940922,-0.026674124631315535,0.6205019988022641
1700000276.0,58.60696899715272,12.509965839955436,0.005307589029656445,0.28438471288422085,-1.4167412611889687,0.030767894959982257,-1.0664057289446154,-0.06315763025585266,1.4264589254562305,-0.16673207490809247,-0.0038082924250213905,1.5328354523257643,-0.013338690319745036,0.5649264918826645
1700000277.0,58.69126550616402,10.7119009244516,0.10147315010879679,0.014658351025733346,-1.678823728386347,0.040443410814092515,-1.0989153476807014,-0.05445656840520097,1.6741824330530888,-0.11564107122841868,0.002071337196374191,1.6112893495969325,-0.024106607146103257,0.5816453231285694
1700000278.0,58.806071698493874,9.294993554187199,0.029738527875103893,-0.08920553619619967,-1.5953645697046437,0.02740421330111264,-1.1505816232227242,-0.04792094347020036,1.7147124121057769,-0.06147195577906096,0.004253146792302788,1.5949860051647806,-0.03602072555514693,0.5996037644358475
1700000279.0,59.36780403181862,7.401340480024214,0.011040868207018134,0.1346973012516816,-1.78357079313056,0.015785955296839307,-1.240875455395066,-0.04339532412725379,1.5854078242556031,-0.04296584655388081,0.0008020020878548965,1.6493137037178698,-0.037350130218065734,0.6143911512886312
1700000280.0,59.80691093505746,5.60675103340446,0.055948276869919614,0.23459335964033562,-1.8431926747204865,0.023977677016986002,-1.3450899124628173,-0.040301469016600665,1.6012067431783241,-0.05559046600376455,0.00589803325513951,1.6212099914726563,-0.01965481174764091,0.6262611962310602
1700000281.0,59.409201609934605,3.622460308564048,0.07149980960474685,0.050354473779478326,-1.9487838173129148,0.01849144522696257,-1.3767977469690025,-0.038102940832162494,1.3592493429927048,-0.0035485105130591377,0.004557027266603339,1.2615836870405828,0.01055738877065044,0.5674205759158081
1700000282.0,60.14262792499189,1.5044556263327056,0.023585818408483228,0.4716189240801803,-2.0600899404274253,0.011270933922206548,-1.389405351586083,-0.036877040459954435,1.6843858577960438,-0.08573180516146564,0.0058307126326706486,1.5787227813877567,-0.01865820555168795,0.5838336705624058
1700000283.0,60.25476139859424,-0.41492673759868665,0.06928491589636723,0.35586302980459406,-1.9880586670498963,0.011006578957064852,-1.41150023562693,-0.036515949059369515,1.57247827254734,0.007253362089930946,0.010893257767860848,1.591119693233048,-0.007064769408788205,0.6000788866048167
1700000284.0,60.524101717187115,-2.3003404232602502,0.11688908789547167,0.3455075176736582,-1.9225324007776645,0.013893161500414813,-1.4433349641710815,-0.03716461542799772,1.6037951473215557,-0.07098538193386071,0.00900138239154909,1.6477881924697755,-0.007834230733524775,0.6139757628851439
1700000285.0,60.204846783021026,-4.663653321897305,0.11027044365925232,-0.00908537771622292,-2.1288916703440126,0.013680059406798218,-1.512719987070245,-0.03901756938180442,1.6173536090199017,-0.06955309208987329,-0.0015989730264574984,1.6429585216566365,-0.011424246148276083,0.6275413379780977
1700000286.0,59.40170026735575,-6.666087530037163,0.3484397910264915,-0.44315274390859505,-2.0439696111507666,0.04344567217793102,-1.6294166448372787,-0.042107101956736996,1.743946979158541,-0.022414668032356196,0.006096278884156202,1.216713364566939,-0.02437172768451946,0.573925282794965
1700000287.0,59.075441283482455,-8.032008050796234,0.3652233079376801,-0.4884384319512192,-1.6389324581120066,0.03995761549233301,-1.7750890695533925,-0.04636595180030669,1.8801709248569454,-0.09716842546775875,0.012384076990572392,1.549043654461502,-0.05767880532349191,0.5967028876289547
1700000288.0,58.36332343360483,-10.035417762751075,0.36341850193442615,-0.6745661059960394,-1.7137311584535326,0.03531396620250613,-1.8101536487224892,-0.051995042591232894,1.633513483978045,-0.11139311880082499,0.0025703374212887797,1.7616851502122555,-0.059960284634678764,0.6117301307087926
1700000289.0,58.17118617484245,-11.876416718052988,0.30116616767623405,-0.49240500095447093,-1.6964565096598552,0.020179659409347774,-1.8691719421570998,-0.0594586069977805,1.5739771347475249,-0.021848614394781984,0.0027322851849224537,1.596607357433828,-0.05848385459541073,0.6255265990604273
1700000290.0,57.86856283425885,-13.39692001132797,0.1734263029035163,-0.4170203160216852,-1.4779893561246467,0.014287173466655005,-1.8776910544537015,-0.06921156417996593,1.5983229121628553,-0.054029200538368544,-0.012852381034936706,1.6256723820255594,-0.02295793160246484,0.6291463236291979
1700000291.0,57.01773759575332,-14.517527876534533,0.15036250747447816,-0.6222911609921269,-1.3093464957987537,0.006658044683452178,-1.9680019608957022,-0.0820982471354493,1.361507087909442,-0.0347790720894581,-0.01934896170939811,1.4023128971244678,-0.002516707178790201,0.5678113341698549
1700000292.0,56.878406176629746,-15.665558091160667,0.21581589536710954,-0.36907208218843923,-1.1205154387477312,0.010807341375655371,-2.0979020959565755,-0.0987313662207252,1.7004021685685318,-0.11976907477284905,-0.026630141295705057,1.6255552629364647,-0.02785112445755738,0.5847996690341276
1700000293.0,56.46285511057331,-16.720642931925692,0.15464904979845923,-0.3597508549341982,-0.9730838860401161,0.0031688600816244267,-2.2081122547328293,-0.1194840132480791,1.5814746535701143,-0.046070459757705705,-0.02797652478156678,1.706887387623322,-0.030981669716951727,0.6002134903071243
1700000294.0,55.65557843071739,-18.0052196211954,0.1775523383888133,-0.584146342875808,-1.0298163650936472,0.00013524497478544428,-2.36283357971073,-0.14384530192413306,1.5835363349585019,-0.03781246189271885,-0.024652678007513158,1.613797851339874,-0.02983286398297712,0.6149440456310421
1700000295.0,54.90423280481826,-19.004721897519584,0.19996108080521355,-0.6802941495449834,-0.9221046293224539,0.005139035634756976,-2.457770144966592,-0.16911958423711118,1.6175349252533207,-0.055919872224467426,-0.007069346632516003,1.6064436580573471,-0.024867671082827808,0.6267871945622326
1700000296.0,54.028202655569,-19.712157733457882,0.09104123349046045,-0.8678181222328543,-0.6189956230084934,-0.011961730927482704,-2.7260688135155737,-0.19086424329321658,1.3840628015396383,0.01915626644915718,-0.005056649275339261,1.2864884075269831,-0.01613908898755396,0.5634977057927363
1700000297.0,53.15698274595922,-20.156289677624017,0.001445564600381699,-0.928641559094091,-0.35790680462347485,-0.018790520433540844,-2.9322762467706918,-0.20120392940532514,1.6892156423475586,-0.039480099093009265,0.007057112964601849,1.55261065489084,-0.02721978686566654,0.579644926109249
1700000298.0,51.61557412059257,-20.195114799024267,0.009589843277653165,-1.3203811583468572,-0.0009323564914449356,-0.01084097035195218,-3.101518126024821,-0.19568207687841271,1.6944803109184297,-0.07879151606714069,0.015982358368337127,1.6198047443851804,-0.034221884839722945,0.5958756926762212
1700000299.0,50.40233336159573,-19.842675082854747,-0.05901648544772249,-1.382364399361165,0.38567709933492095,-0.013184648702056819,2.963499954300664,-0.1766489791168533,1.6662826988564483,-0.008712538722628163,0.03284184818354466,1.55685908813458,-0.038809585549918736,0.6144915006035537
