time,x,y,z,yaw,surge,sway,yaw_rate
1776261889.814928,55.33022481602832,1.418558850515645,-1.8287610034817041,1.3627524154927947e-10,0.0,0.0,0.0010265348662267123
1776261890.456003,55.32429765567157,1.4246194022225722,-1.823016013515889,0.03522984138816515,-0.01049458039757538,0.03197586930787133,0.25375359723338853
1776261891.4522126,55.20321531103126,1.8138722506278686,-1.8013604711761828,0.08559027287289442,-0.1500054825624924,0.4954609557380939,0.2500811278757659
1776261892.4511297,55.268603075518286,2.1449554565073146,-1.8041728140096684,0.1351356948116893,-0.026886138843883384,0.5476543184531064,0.2468312498375908
1776261893.4517527,56.06348686948474,4.3958877468990245,-1.6081053522036124,0.18609995192248194,0.5367647058469217,1.8681593106884133,0.25268201843846516
1776261894.4523325,55.06610914690404,6.029458336506133,-1.5169266716798433,0.24672342331495722,-0.2564747439764137,2.243290269209985,0.24734023256045745
1776261894.465456,54.93628016586322,6.17935164365167,-1.5188100991751614,0.1637420660305747,-0.5343916567150486,2.276203803796098,0.24725751966067389
1776261895.4512475,54.634906234109515,7.8129350245374365,-1.212943476819236,0.22045145195575436,-0.7113643035522749,2.4742908016018372,0.24835267084612223
1776261896.4206674,54.056361097245585,9.569776149924254,-0.6397168055302609,0.2574707597100331,-0.7712371939739531,2.1195716599545293,0.24866897327413345
1776261897.1277473,53.44023226240795,9.388309047201915,-0.07138390037645093,0.30731461959001205,-0.806809888101726,0.5527877060061639,0.24672963719816582
1776261897.6032498,51.78511281430987,11.41807079776868,0.36210464184824676,0.34635467235963235,-1.458168024314944,1.0451665861492967,0.24992238920886353
1776261897.98573,51.96750060425406,12.896847507538693,-0.07681892282243619,0.3788187826175577,-0.4700771947192077,1.3557889024232033,0.2515699282080413
1776261897.9879827,51.87432028542226,12.87497274777832,-0.06819502360224783,0.35754023629639115,-0.5552220210726717,1.3284510627356325,0.2515487640172029
1776261898.311782,51.088835403235464,13.204049724913563,0.4214978440446265,0.3988001868891803,-0.47870424401972633,0.5784014477314531,0.24646629347927365
1776261898.6041238,49.78508645866426,13.754671420251523,-0.17936797870862897,0.44037459482357605,-1.0086221613321842,0.39080586676898826,0.25017564849418245
1776261898.871953,48.318026512332565,14.784271896805434,-0.15889698291384535,0.4803045083042635,-1.3984181773531286,0.6734927942326819,0.24874430630828862
1776261899.1179643,49.31446499692034,16.163215714447045,-0.10401226011994227,0.5117734268549347,0.11642901429930874,1.1395658305766547,0.24510491260694658
1776261899.3472512,48.33956846996746,16.77602646700238,-0.12256909138037965,0.5566561144407416,-0.3482592879629207,0.8713283486188319,0.24751946708132266
1776261899.3492544,48.13694674880593,16.68264160618558,0.38713861010958295,0.5534894822634746,-0.446061037461436,0.7903223687770244,0.24751519803818323
1776261899.5658674,47.33980120191342,17.58703913324826,0.4845209405335331,0.6039361833004214,-0.6088439726031354,0.8675343652371782,0.2528766605114133
1776261899.7704434,47.169395169678715,19.063370375129963,0.37250692630503873,0.6493057224528961,-0.29739895741506017,1.2704472868085825,0.2522159643191204
1776261899.9689376,46.86759634358404,19.370120506420353,0.18119067524244065,0.6920587667113856,-0.20580743282126193,0.6707051112592786,0.2522642131569438
1776261900.1590145,45.610303293261545,20.93329847056994,-0.1748508675356356,0.7417815178871113,-0.882449290923299,1.2187107261317651,0.2509479444817055
1776261900.3329263,43.69362093419099,21.167547312328235,-0.2731334549953469,0.812531913174332,-1.7053300709297292,0.644494883945209,0.2501879726934782
1776261900.3337486,43.47969812581243,21.17376395422954,-0.3017497514898477,0.6636403971677476,-1.731517439200176,0.6612756847432927,0.25004221268160487
1776261900.507484,42.308331826464475,21.915520070259166,-0.9747065641387701,0.7081201016779404,-1.4789046417210652,0.709341686426173,0.2504067261733813
1776261900.6738744,41.31895172278172,22.163625008928165,-1.3228752830108312,0.7539233982510838,-1.1491941606673826,0.41366246829691017,0.24703039699226603
1776261900.8348572,39.58388522821451,22.27620682966241,-1.0896838992611704,0.7985156841066684,-1.4714468878015174,0.10535635543589264,0.24959741851136863
1776261900.9967647,38.627319031480916,22.696384562858757,-0.998470128734889,0.9011927570536601,-1.1637728474837141,0.20360873760844422,0.2511343259823757
1776261901.1456935,37.30417894134586,23.91271073486101,-1.0254728839633254,0.9624939939643661,-1.222940485874015,0.8626939685718151,0.2480383083975798
1776261901.1483986,37.39267688975945,23.59385546677314,-0.9954895790663464,0.8902255572213847,-1.1687276274608598,0.4114697328470568,0.2479679072103454
1776261901.2945588,36.1534366682688,24.176650371582518,-1.134797079473053,0.9386961717102104,-1.169226214963714,0.39692866510881136,0.24940467465776406
1776261901.4383945,35.42950372948837,24.482277397719216,-0.9437022938705952,0.9896873047405228,-0.8333874491501914,0.2996472112522851,0.24850607525213375
1776261901.580543,33.65091735102682,23.79633324546634,-0.7688848705205649,1.0262469355949229,-1.3951554783057758,-0.43246398284951443,0.24733220573930062
1776261901.7195368,32.366806918047374,23.058109094504996,-0.26815280183916257,1.082368656347857,-1.4408147383521839,-0.9198050542460637,0.25097547007807697
1776261901.853958,32.16014996440653,23.853192635064968,-0.0465666560750434,1.1439473004094751,-0.6752129420543225,-0.04374091230916477,0.24911700361324296
1776261901.8574834,32.22369795840874,23.717831800882273,-0.09350582526365789,1.116648120933441,-0.713709052914353,0.04884662378283888,0.24909008779252262
1776261901.9869452,30.298552652163064,23.90076847378703,0.2941047707244345,1.198229471065293,-1.4607682483442188,0.28731013756538953,0.24741247478620768
1776261902.1173801,29.448297249873924,25.34136165639966,0.7418068399850493,1.1778556082815816,-1.176815119021035,1.1992618667381727,0.24889953865536343
1776261902.2434402,27.500365130736526,23.651258180865227,1.0258616345357643,1.2033059964278299,-1.680442366776083,-0.4806243327012607,0.24893501212900443
1776261902.3657622,25.23597731186756,24.20398829945768,0.23735868283089356,1.2181391505805352,-2.201524745141476,0.24112649798684427,0.24727809593899358
1776261902.487559,24.415523732282587,25.425752681429284,0.36523485029194547,1.2395581145890346,-1.4215462723467767,1.0780946070880002,0.2502926627109955
1776261902.4884965,24.524905483918896,25.19018326358911,0.3271476861414003,1.186508253517458,-1.3896532515643885,1.0497023958472083,0.25024145231802186
1776261902.6077557,23.481865210509557,25.98726306140522,0.17274850758046634,1.210606780236848,-1.1275062810786778,1.2430012930371184,0.24678703101734062
1776261902.7270236,23.05141104463291,25.223018436699707,-0.3521485369896654,1.2203315775137442,-0.6473574140205094,0.1938207797422704,0.2485593621501511
1776261902.8418937,22.3004238315865,25.456635813353774,-0.7150143150134136,1.2634862727373943,-0.6290262383023653,0.1565373355799749,0.24987782746230072
1776261902.9574988,21.206880464293583,24.775527677387874,-0.24504254989552632,1.3123804927819784,-0.8094347913909861,-0.600403910160339,0.24759848534795453
1776261903.0718093,19.72190062537151,22.3975665306346,-0.09555139320961886,1.3760631222215929,-1.3066287227582793,-2.1025131465330373,0.00022241439852432442
1776261903.0761902,19.68713253571444,22.440454768018697,0.1717448560001999,1.404532654448971,-1.5549111439411691,-1.7924370670525376,0.00025250585556382886
1776261903.1805086,18.193835086450434,21.41012952425886,-0.1638317738236858,1.4341811633729904,-1.7203200403421999,-1.5924772057725196,0.248702321889097
1776261903.289161,17.0157813143921,21.355092946654857,-0.7351652933193452,1.4616656084209791,-1.49702771024248,-0.8027861398505045,0.2476367236903497
1776261903.3967545,15.702530753259936,20.762263003472025,-0.477204736376182,1.5019173337135487,-1.4205185286913304,-0.5047931139222661,0.2480979934210068
1776261903.5029337,15.520111027992847,20.548035617494808,-0.3142047205793448,1.5401219471817502,-0.5630459452905181,-0.12190366943585412,0.25046156662475005
1776261903.6089513,14.51612164987431,19.222425383307414,-0.46105556447700197,1.5474697830800133,-0.6532688383576997,-0.7388589734504297,0.2493290463690431
1776261903.6108935,14.453045491178266,19.20112123925923,-0.6405906650159674,1.4288826538619073,-1.055116908933922,-0.7502893284991745,0.2492166956255972
1776261903.715521,13.308111832503906,18.5937294314107,-0.30351518386366283,1.4614230250487228,-1.3725632626380748,-0.6820826463847431,0.2500343026169622
1776261903.8148272,11.981539227374805,18.119098090777815,-0.9455359106554078,1.5162877519171836,-1.4986779268677906,-0.4826442096292299,0.253065748834755
1776261903.9155748,12.943956321631877,17.204198015748347,-0.7206736029109642,1.541674645063357,0.04656930175960072,-0.7348086081300348,0.24719768141917256
1776261904.0286393,10.89135111343841,15.95641449807489,-0.2562669344933748,1.7523626424265206,-1.224907078494737,-0.9761581816954916,0.24304175444372023
1776261904.1134393,8.512973034402066,15.233848231767158,-0.4562610870887035,1.7814887890440558,-2.0703383440758434,-0.9944443756855204,0.2507339456957616
1776261904.118168,8.799295514792798,15.5676118241963,-0.43347511501816727,1.5566349674978515,-2.081297229913439,-1.1064747128192909,0.25052054724299033
1776261904.2123837,7.239227589784459,12.927014704615251,-0.7095473016790335,1.6335948979521002,-1.953446721022552,-2.270419535618207,0.2520708517323859
1776261904.3125274,7.521119487577948,13.659111632461157,-0.7355263498438195,1.832336565994358,-0.6998139388378495,-0.7696537610515688,0.0009604174875858641
1776261904.4070241,9.152028253837988,12.330422876065363,-0.6247841908114324,1.7972979114115704,0.919270126581357,-0.7755406247923713,0.24499447044301254
1776261904.505483,8.523953825599301,9.780245996110517,-0.874007151074519,1.7800802231535107,0.4088054495059983,-1.8299104359910414,0.24736491277593572
1776261904.6042705,6.746435634763773,9.48701224162116,-0.3217466621281989,1.7310426571743678,-0.7231468647858365,-0.8997947800834762,0.2474082614544337
1776261904.6082623,6.884948108935263,9.765012688092652,-0.3487898276157203,1.6674759142200093,-0.7154814717777623,-0.8366902571380719,0.2473476707006323
1776261904.7047882,6.2538090345127015,8.856454946975122,-0.6110135996572927,1.7079096664008573,-0.6730589360841904,-0.7935071062908063,0.2494653098831221
1776261904.8027077,7.277350953423981,7.809357505191515,0.15523867336177977,1.8953837606061539,0.42105185198071626,-1.0427237106999503,0.2509574318286219
1776261904.8997273,6.637527701225511,6.248294089948879,-0.5307066370710336,1.9078604540724375,-0.21910717022169313,-1.2703561881778518,0.24576841384770784
1776261904.9979234,6.123043058031431,5.017093779936202,-0.7490157455023411,1.9636060514589257,-0.5251800665250299,-1.2399374317028629,-0.0020954069539737864
1776261905.0930095,4.568407805792006,4.127528364045174,-0.5382563721783895,2.003144528139072,-1.3797908274590114,-1.021663520817954,0.24924539495333406
1776261905.0943444,4.766493049923695,4.371886679657261,-0.5883456984565689,1.8558887350924833,-1.2632619512844365,-1.123535506829826,0.24910627230256274
1776261905.1936028,4.6702559006060715,3.626570723070269,-0.7611772670273353,1.8733807541775118,-0.6983636581839859,-0.9154153845209416,0.24667403507889812
1776261905.2915893,4.225818784092713,2.299894631385547,-0.49604932890230746,1.9047688420795654,-0.5856922421775543,-1.1942989502548393,0.2512394629712164
1776261905.3878877,5.057420838241071,-0.216134463716956,-0.5197050456612662,1.9422190651410218,0.40913775878263203,-2.1603333695258145,0.2484356769346331
1776261905.4847796,4.614727047166641,-1.5895270390432779,-0.01046630373550872,1.9784829694459047,0.25943182331805026,-1.9882946260269485,0.24771539801544204
1776261905.5832913,4.4288984210369975,-2.488278971985005,0.1010750460403868,2.009952492536186,0.18432741076550518,-1.4280786850153564,0.24842969709644094
1776261905.5926685,4.3531841503679765,-2.298813303158515,0.24931971211171652,2.088458200997552,0.07202629145048699,-1.5501309480183973,0.2485038240458961
1776261905.682384,5.172367229153764,-3.4975985977496826,-0.04034097816225962,2.136200049422692,0.6887978097029508,-1.443133852244881,0.24900816645979476
1776261905.7822917,6.01543607818041,-5.058758225756081,0.05963652132381522,2.1852446001684203,1.0365104622045194,-1.6020367652779275,0.25061854922822197
1776261905.8781888,6.0954748096049824,-5.39340644100568,-0.0004009301757474243,2.237409890106257,0.6220588807080232,-0.8295890310803,0.24722482608937058
1776261905.977187,5.8409489774958825,-7.476761694836254,-0.13200079785412616,2.372355325451373,0.07469501885204755,-1.5559323708966994,0.2506571875018819
1776261906.0758264,5.94084017031885,-8.249414885201647,0.02893194565894311,2.402658297282507,-0.01616017732443459,-1.1369638542237988,0.24721636117103557
1776261906.0824745,5.811020431869649,-7.904714250933267,-0.04857021539339612,2.0921381275601214,-0.1348344445772786,-1.214954493389658,0.24692645405515548
1776261906.1780176,6.248592133942842,-9.549195686798017,-0.20451932260556857,2.121255046351224,0.2931485332026713,-1.584737891692489,0.250064876577093
1776261906.2698452,7.15056675910881,-11.905365984889702,-0.08749523226287192,2.165517424796776,0.7419174178505676,-2.27989091368129,0.250760733659507
1776261906.3682065,8.183924993605457,-13.723222948192884,-0.20572019656424312,2.2274224946640815,1.0780993798131242,-2.2167240887191832,0.249332414939388
1776261906.4682877,9.030964258201802,-13.465793408020682,0.2788123380258062,2.457835897344924,1.2323880063282293,-0.6267672985699821,0.24604304101263139
1776261906.5645483,9.50193023218957,-14.98062988122451,-0.14920339857102938,2.5919171005491606,0.731673253014722,-1.0940295306531003,0.24741953655058163
1776261906.5665212,9.474223662112562,-14.707558886971485,-0.18033691899237192,2.328046103130874,0.6765673352968784,-1.1010036751941343,0.24717398638109897
1776261906.664631,9.775425874282112,-15.346322554510332,-0.19775227991459937,2.3698799350038975,0.35055359176710815,-0.7517634109361249,0.25092008782225966
1776261906.7613409,11.479215129275971,-16.53255359802141,0.0974855769100254,2.4305402567186376,1.0560950505364968,-0.9217080669368214,0.24727622774566377
1776261906.8595638,12.16131877984054,-17.055529489689214,0.73244178151658,2.483373666314161,0.8838031769479596,-0.6294873105045256,0.24606989589786096
1776261906.9580896,12.368642445069275,-16.655723852678754,0.3167183335467967,2.529802817944067,0.4239461654873302,0.14846809763800384,0.25002725406468396
1776261907.0550244,14.263518227964788,-18.177255744206253,-0.3181678929247957,2.578830148680774,1.3963296652149086,-0.8762311417240118,0.24900501349650087
1776261907.0577435,13.868250654088722,-18.280387820141097,-0.2778698397275215,2.4945531236342187,1.101447328432416,-0.9794914963940093,0.24892677822604872
1776261907.1625159,15.404290703222417,-19.168555594647884,-0.12943674134438293,2.553744686321238,1.4953314137599145,-1.1974930395818184,0.2499080893980929
1776261907.257375,15.78568931691228,-20.324119576920058,0.03381865088622546,2.5668293537673694,0.8449882168159729,-1.258766983574978,0.24917820169433513
1776261907.3491807,16.184570323522962,-21.60091869162776,-0.2580361167017372,2.6093756964002095,0.5418403973457172,-1.3945044532827802,0.24936589611196563
1776261907.4466949,17.67767068694818,-21.602592703154798,-0.1334055969894191,2.6267118430784984,1.078577568952251,-0.5385762265571477,0.2526686988706722
1776261907.5441391,19.441575121368736,-22.2685475302685,0.18519532937754796,2.6259650855411656,1.602359235742815,-0.40534181387240137,0.24481425655925537
1776261907.5457234,19.245039711988074,-22.219777540978928,0.16702570317692633,2.613455572341853,1.5872074730416577,-0.40398296516231863,0.24480227485909853
1776261907.64435,20.635891072466507,-24.181857580657574,0.3395665232904822,2.602542967114118,1.8202350329078003,-1.2652986284273449,0.24957407942471502
1776261907.741286,20.68542131919701,-23.089116619028363,0.2739357287568109,2.546169592608543,0.7654824033999768,0.2630735314902837,0.24757023340276413
1776261907.8445368,22.149431271313745,-23.715266037985167,0.2195624473901947,2.6007611510547397,1.2346298926452095,0.051236690819203234,0.24852181364901296
1776261907.9378517,23.04337085557467,-24.040395614433233,0.39667964700471353,2.6392830252971353,1.0269300578077436,-0.017401892703041266,0.24795923811918602
1776261908.0352767,24.904475244364356,-25.615453791359826,0.1566556130946823,2.696232115199607,1.6081407294810464,-0.9882927800812018,0.25045422133552697
1776261908.0417893,24.724850636589284,-25.650850451145537,0.38235709003189167,2.727320411615488,1.771481922176538,-0.8522183945810248,0.25048310918484457
1776261908.1349306,26.825902213189945,-25.332051974016846,0.30155844275191424,2.789911700037657,2.2563745106739277,-0.12120081168403385,0.2502719032191675
1776261908.2316723,27.197230396990566,-24.92489702261268,0.0971530931975089,2.931242973202798,1.3113119762573282,0.4714802569227551,0.24829301923087743
1776261908.3296623,28.99955147103234,-24.340279447054474,0.39432463838964554,2.9840790727276976,1.5359284046543578,0.7915316484222558,0.24918191347751972
1776261908.4274085,30.287694986563036,-24.52244771151839,0.39228638598159576,3.0207220784269246,1.3313415038512126,0.35469644713289084,0.25040212824657676
1776261908.5251653,30.53446507373679,-24.01572794000851,0.5708868893938251,3.026931371162094,0.49115652560793155,0.47786349483245466,0.2475952989177452
1776261908.5271826,30.343675373076785,-23.93827130934419,0.47351122656364436,2.727554577484423,0.42425641588788854,0.549841683813487,0.24732095506765334
1776261908.6240451,31.49052405539638,-25.016245270259443,0.22011486936500374,2.820004911171003,0.7468587882912179,-0.11473384288632782,0.24956840888449666
1776261908.7223608,33.57072163569588,-25.026758920694757,0.040226360334837535,2.900030415499447,1.6511808621618678,-0.011395828967044046,0.2468471623162419
1776261908.8208458,34.112947793351566,-23.925079855857835,-0.018414366955399414,2.9869034738353766,1.0846733109329934,0.8054979514046632,0.2515150759548614
1776261908.9292157,34.860988302043175,-23.48316347733459,0.44418513998222886,3.122631168350219,0.7981484263598131,0.7987905709322067,-0.001631722090617201
1776261909.0180962,36.016544902812484,-24.136791170029273,0.6223750834022812,-3.082930318829047,0.9633163739907915,-0.10351282455289512,0.24971989208504344
1776261909.0231483,35.66952709696608,-24.10539524838614,0.49653610508209783,2.9183137454277346,0.976742529222618,0.2766673128234165,0.24946219624762234
1776261909.1153975,38.28854495475664,-23.487706062726698,0.22284878622201015,3.008616442285679,2.0095252576021854,0.6511770001011998,0.25024562891918906
1776261909.2133949,41.234163180910144,-23.76492858584601,-0.19642415142566927,2.999212483802917,2.875105821486789,0.33057829449971365,0.24935783121373498
1776261909.310602,42.28822794745824,-22.237569497198418,-0.7748445394217085,3.0638322349572853,1.8376807366665142,1.2380279984546723,0.24693691109298707
1776261909.4212878,42.62641992844927,-21.251939133428436,-0.7817956165123935,-3.109580519183585,0.700990157981612,1.3546243339408413,0.24731471788022713
1776261909.50577,43.44503779748652,-21.96881680712437,-0.867161495113711,-2.973446908683708,0.337991533556312,0.1715458248592696,0.24642699791173647
1776261909.508386,43.489630938392565,-22.455739035065612,-0.7391320508549933,-2.992712127379312,0.4699003092678333,-0.4051979957865295,0.2464114251786496
1776261909.6037326,44.09507111280852,-22.03836457962388,-0.357339304392819,-2.918856718904572,0.18865184298586998,-0.3732378438306424,0.24807104697531165
1776261909.7077947,45.07091362150952,-21.235210567365584,0.46668204357681187,-2.98475154358019,0.5457151324074481,0.20169853530043713,0.2518950260474225
1776261909.8014605,46.26344321841481,-18.96218462379951,0.5946017032224151,-2.9080035215829345,1.019172712260924,1.5404246479966348,0.2486328275250294
1776261909.900214,47.413541318034376,-18.24204675851477,0.1403802112199849,-2.8913113062185896,1.0684686822188203,1.1223247633588684,0.245599979919125
1776261909.998649,48.16742707159932,-16.888482741156654,0.17353911392286347,-2.8528072679369103,0.8795601067939581,1.3470603700710306,0.2506688042012897
1776261910.00416,48.11999376488007,-16.976013014763065,0.08048694981335208,-2.8253566041760547,0.5861011605001777,1.6762299791390354,0.2506932240351122
1776261910.098104,49.84304735982374,-16.057728327771354,-0.5181992865987453,-2.7503333310073974,1.0723746988864746,1.5224241147368758,0.24890917083193428
1776261910.194678,49.97867764510631,-14.924355057493434,-0.23030888973036157,-2.7402709746703873,0.4457394902861015,1.4920341425416601,0.24570796650686766
1776261910.2922168,49.94663922098954,-14.894816096086172,-0.009406139308939077,-2.658636029602308,-0.10748757497672218,0.5469137672335806,0.24659364408626896
1776261910.389791,50.491004990257785,-13.80875370367421,0.1308755025229824,-2.6078421222899286,0.09081268470799286,0.6570649279147993,0.24908992642845781
1776261910.4877858,51.482536307161546,-12.364718976913935,0.014141306033075868,-2.566381829979321,0.6104050980349329,1.076530926479752,0.2456915040694302
1776261910.4960384,51.48620443089242,-12.406958832922015,0.3132793325678399,-2.764793718342731,0.3116015263447733,1.3997405107282244,0.24551114350626752
1776261910.584206,51.850406128176814,-11.005410212423142,0.9578539801742438,-2.7194860066352673,0.08112334740645938,1.680287160754009,0.25059633659506503
1776261910.684525,52.482508045134516,-10.140001962538527,0.5831487019822869,-2.6807984954997224,0.29596162159699435,1.3418224599629596,0.2491604997057948
1776261910.7831178,53.14014848857443,-8.19942624349928,0.41700654033961804,-2.6098095100554186,0.47287168728432993,1.8398542514416425,0.24818651688772597
1776261910.8799884,52.71639529185457,-7.927263165284842,-0.1967960423701326,-2.562103856840165,-0.22368134588801875,0.9537179609405542,0.24864233208821857
1776261910.9792333,53.79229331645769,-7.372948396162824,0.1311925930408031,-2.4418217607081374,0.4021054173080445,0.4386897676515963,0.248021884524905
1776261910.9820583,53.84228579294501,-7.493548791271103,0.044995570784079564,-2.566700221843443,0.1937573884737891,0.49347139394691897,0.24790792812276666
1776261911.0767295,54.35273748744578,-5.842931258084172,-0.05488873700693425,-2.4748299385883743,0.13216794820020522,1.0342500973351023,0.24663450193903855
1776261911.1753783,54.01583158260637,-4.028807892870966,0.032087400913684394,-2.4062177353463317,-0.3570253061558428,1.5533873722169753,0.2518862327417599
1776261911.272862,53.206331802190185,-3.3001599404836215,0.04807517248029587,-2.326713780995454,-0.8857850009488237,1.1050005902192703,0.24802955052037395
1776261911.379201,52.53491362664407,-2.1736443121754756,0.3611596484312316,-2.341691715260909,-1.0333748975882127,1.0861792246420943,0.24857286014656962
1776261911.4681594,54.64765150150915,-0.06902954998293742,0.5504010821725186,-2.286331184038498,0.9731895831253978,1.748891849230711,0.24954389102548394
1776261911.4715114,54.5451961258387,-0.33632998332510333,0.18256819624664858,-2.335640005957434,0.2423917833749314,1.4300244387447276,0.24949891967861312
1776261911.566848,55.227711516295635,-1.4422852878670942,0.10772642410927825,-2.4822271933303646,0.47068150480957427,-0.04898439716737579,0.24442242002582332
1776261911.6630917,55.8976300051649,0.6185244632228957,-0.03507747661934235,-2.394538158687154,0.3749393086597332,0.941579416600398,0.2466935495077312
1776261911.7616782,55.0323690705861,2.135314106529561,-0.6850530881625861,-2.315756630187321,-0.6666488389596197,1.2953887409002638,0.2470535487667525
1776261911.8607912,54.84631119296972,3.5191131885640274,-0.41686306154206093,-2.277575858866012,-0.700427398098241,1.4790976506240545,0.24429860858668154
1776261911.9592087,53.370288005512464,5.952276805221837,-0.49632672665455646,-2.2347436194765233,-1.4953374154162695,2.2387808931672377,0.24597773277952073
1776261911.9724052,53.52607192615606,5.930886473906259,-0.5641023993958995,-2.262085516107586,-1.6846060786558286,2.0886141239859937,0.2459522137894562
1776261912.0582,53.28291618815544,6.9016657268984325,-1.0817774953760462,-2.220282650266789,-1.16461247765823,1.419654341029997,0.24793026126279577
1776261912.162061,53.52752950370287,8.59089260945751,-0.433088294233806,-2.0654747574812204,-0.38609507605139504,1.4962759320364973,0.24690008194182994
1776261912.2527537,53.7654609681401,9.416368713491028,0.1106900284858412,-2.0533044207434905,0.21138531437613728,1.0965185058608786,0.24616420395319782
1776261912.3521838,51.93449386769788,9.381396554921581,0.20169034526757695,-2.108879350010553,-0.9189912423511297,0.18781544502472414,0.25039963249978026
1776261912.4498794,52.727411708766766,12.044494924189312,-0.3488741387406076,-2.16286530209212,0.13102034508745763,1.9004289969758512,0.24770129227131235
1776261912.45521,52.85413506127756,12.024047308548312,-0.4268479716817053,-2.1480573261621982,-0.059655956314366376,1.6078111550282894,0.24771452136118735
1776261912.546744,52.374161267789304,13.318743306536879,-0.13001489006056044,-2.0892121676348427,-0.17933685103691174,1.455696247182858,0.24937127054953248
1776261912.6448991,50.686860756849036,14.543748515341017,-0.07849004231425222,-2.02703851570225,-1.1541434071045156,1.4033735245963603,0.24877835486829292
1776261912.742467,50.062207481715525,14.99079680189863,-0.24008736162240196,-1.9383582462299649,-0.979260627921628,0.7964584251672889,0.2488738630907219
1776261912.842677,49.32642683828427,15.238137756416803,-0.21136774406665237,-1.8840509395669631,-0.8925673135723204,0.29823648075930187,0.24621254019862723
1776261912.9394596,49.194852022857134,16.052480518655106,-0.6555068612680911,-1.815428088146406,-0.3937064057718139,0.518025974017013,0.2444709362597837
1776261912.9479206,49.33643037239266,16.026729343964487,-0.31818920860954664,-1.8486610221533253,-0.3076369776166008,-0.01893849260282887,0.2444404756381372
1776261913.036603,47.71650332233311,17.41011164250828,-0.7265931245496883,-1.801899819184609,-1.0963571053501724,0.4599476290957637,0.2485328177737456
1776261913.1343398,46.484228279494005,17.921937220028443,-0.6098249030438986,-1.7665931208170822,-1.3639346570274944,0.32946119319121114,0.24843502804767897
1776261913.2326639,45.18715235567722,19.459622517959797,0.0971269393549935,-1.7497564606193303,-1.6631951540970829,1.144974713600897,0.24708155245337507
1776261913.3322377,45.206016534820805,20.59973623636144,-0.09650940073296813,-1.7713871032168504,-0.7281032128903657,1.2892093439361494,0.24884426058914635
1776261913.4311876,43.49126379073079,21.364020051561795,-0.0073540706711551496,-1.7809359101543665,-1.341106546349124,1.0647063199178812,0.2467218601112578
1776261913.4454727,43.596303510491346,21.424942666110173,-0.16656010600976345,-1.691843859076386,-1.1349069228662825,0.7790014223099818,-0.0005350373404097778
1776261913.5298822,42.87421071691448,21.59426209059903,-0.16049962965083053,-1.634091307622621,-0.8182830566672097,0.18287215231402787,0.24565230798701926
1776261913.6251333,42.06893245039298,22.154374190422114,-0.7531739782925362,-1.575671919872617,-0.7786103179335435,0.2769431232852104,0.24665394925481057
1776261913.7222319,40.84968348685699,22.429614265837458,-0.8946957445419652,-1.528216605114912,-1.0285793530161764,0.16958832097473742,0.2440163854705709
1776261913.8301702,40.59084405485852,22.590788224343456,-0.7188742907988899,-1.3343854557827624,-0.542219187011546,0.013399149645976393,0.2485448068770139
1776261913.918808,39.10583510435913,22.797657650834918,-0.5125789412929713,-1.2749312309750738,-1.0811995011344,0.10052585087762488,0.2453598849405566
1776261913.9215107,39.023568378193,22.99624260486131,-0.5083501559130348,-1.2568341726714691,-1.1364063092764911,-0.012551962231855646,0.24537495085261934
1776261914.018606,36.963121951389645,23.42448573058152,-0.1169420798358376,-1.221344211026504,-1.7745361552068601,0.11261767026737024,0.2444238800923507
1776261914.1200747,36.21942881489948,24.904086819834504,0.36549988985754145,-1.2627905593658006,-1.4126884821654886,1.0146671812129926,0.24715810550304956
1776261914.2132797,34.71099749364761,24.5827973060514,0.2985219354430848,-1.2710057516004782,-1.5461439486104827,0.1895249393728602,0.24869799891933492
1776261914.319583,34.33839830084891,24.17182575844923,0.43446310804644617,-1.1735933466072381,-0.8233202823689494,-0.3353701687974662,0.2476598805010301
1776261914.4087296,32.78785867328689,24.013882755252606,0.4297954691869114,-1.1269313800237997,-1.2013318837900853,-0.35863227232922973,0.2476221129845898
1776261914.4111807,32.77110603043382,24.2524695461219,0.33200057267267025,-1.2910197483705594,-0.7585903482395683,-0.11562228864824636,0.247479880417378
1776261914.5092328,31.461105605213426,25.094952981845765,0.3880970244452295,-1.2502537373645366,-0.7836976846786263,0.5733409317030124,0.24583404596915243
1776261914.6074855,29.454320815146573,24.0378974539,-0.39775755475791946,-1.0057703452855382,-1.71252373088423,-0.3122845940994834,0.24934849723791613
1776261914.702727,29.688381364205817,25.042133027992836,-0.3290240004679168,-0.8923562686739714,-0.43309591116880974,0.29902637733588056,0.24700382013902053
1776261914.8018775,27.17620813938478,24.752869340135305,-0.7786118640901725,-0.7991789762430748,-1.6954998901995724,0.009476292087524485,0.2466379824557015
1776261914.901888,26.135074636049186,24.639012608427457,-0.9880265033149153,-0.7441062959077565,-1.4328086241085214,-0.16970055152467362,-0.002730204928343978
1776261914.9070046,25.990245811725796,24.605066619175116,-1.0464969140495235,-0.8533815400594019,-1.354545557826845,-0.08101986139512243,-0.0028257162855254985
1776261915.0010867,25.274878832721505,24.59182489172585,-1.0332402727275918,-0.804343873693217,-0.8969353412633572,-0.04358105167943747,0.24737976875087858
1776261915.094964,24.075388717059532,24.26313370428326,-1.0110932817086993,-0.7656185696970695,-0.9617590543485542,-0.22181916467070273,0.2517204495719062
1776261915.1972444,22.89260529433845,23.937584358280265,-1.5598186406875727,-0.7248795161441878,-1.075311190658039,-0.3304142976014026,8.905707797717249e-05
1776261915.293122,21.333150353826944,22.926263993430478,-1.4875024698372028,-0.6753564879335983,-1.3932643163899001,-0.8655352113223689,0.2499928518054148
1776261915.3911183,20.36356667663254,23.014761013684765,-1.8220273367515327,-0.6345797573357259,-1.1515188296338041,-0.3455983570328637,0.24983447392262564
1776261915.4130044,20.30407027471633,22.882887076827306,-1.3872395601125607,-0.5646577075227138,-1.0657886163869104,-0.46617482375526026,0.24989445434123134
1776261915.4875278,18.662074013672417,23.327378816542957,-1.0382752020523647,-0.5277556832588975,-1.3573549850017106,0.11586944868528315,0.2519483319669709
1776261915.5872107,18.07815004116807,22.33937762970068,-0.6015637874859969,-0.4832764598871587,-0.8864793052832827,-0.41794288564555043,0.24953646341591976
1776261915.684187,17.342170611469378,22.616655198380688,-0.5029544156472643,-0.4111081017299517,-0.6925370822002543,0.06507750667179318,0.24979761994861818
1776261915.7813258,16.855870005812175,20.60458673383786,-0.2558067982888114,-0.3996099968202803,-0.4071602635082071,-1.3046992649509102,0.2457235955152704
1776261915.8798907,15.173409030706775,19.903100568697973,-0.8259252752709445,-0.43261007175404087,-1.2065860065499414,-1.0165731618647933,0.24378076742767002
1776261915.882251,15.072592247846014,19.88606334757603,-0.9194140569033995,-0.456100310333301,-1.2776284069223625,-0.8460242378341238,0.24376004027978806
1776261915.9813023,13.446005593569838,19.818631911357247,-0.956233888384183,-0.4424207001266789,-1.6038377376985755,-0.18557396671373794,0.24975058970221672
1776261916.0761845,12.540107561648512,17.942701925422043,-0.9491098144357815,-0.39318574447573407,-1.3690613104080498,-1.0207081254020596,0.24496339342887696
1776261916.175216,12.904790920155214,17.933893520086762,-0.8863764839563907,-0.2782928218752001,-0.27807554493319686,-0.3780531323380739,0.24859379726990302
1776261916.2768738,12.349080151196869,16.39912952674007,-0.6913191738945694,-0.14377701679825602,-0.30986038657177156,-0.9982133581255757,0.24688354186053874
1776261916.3696427,10.602429260846487,16.60026879755697,-0.6431160050485301,-0.16926942471408274,-1.155865458665695,-0.2786581704793005,0.24537528032315695
1776261916.3723469,10.633392870350868,16.50373476032325,-0.6564068774212365,-0.1742940116944989,-1.0682821405514253,-0.23363846730408877,0.24537063956919755
1776261916.46978,9.486023007734667,15.769507530911747,-0.5300342354799786,-0.10190425110255472,-1.2272353315235036,-0.3325710972424941,0.24439009124606703
1776261916.5678,8.51715195532897,12.983674024254476,-0.26228000857315686,-0.03845414204614287,-1.2603164177926258,-1.8996534666477358,0.2486679232215201
1776261916.6637728,8.785220091729009,12.131586557015165,-0.08478714194261247,0.14685606028395204,-0.40504457038965225,-1.6154989412668632,0.24909723306568268
1776261916.7623768,7.877011134646114,11.931559635181046,-0.5460732428143286,0.26781201926097575,-0.7506196962420044,-0.7096750822134124,0.2453491070705309
1776261916.8618226,7.540780389422098,10.202621189025782,-0.5192609250573957,0.3093979688112438,-0.5438936919095887,-1.316589391151166,0.24637822992274602
1776261916.866495,7.62282302760114,10.077439396558429,-0.6268718901182628,0.08682888472722212,-0.7611697510137363,-1.2067985036535815,0.24618837814289482
1776261916.9619355,6.417307677987418,9.836496189162037,-0.6828133967919026,0.1304367170931975,-1.3837642030868307,-0.5880559017933805,0.24886887444736996
1776261917.067983,5.641608721313134,9.430407343167607,-0.4840402364425537,0.21632661335073247,-1.1338007668346979,-0.4002057660652034,0.24425278508892867
1776261917.184165,5.4800558271044775,7.4773381067448605,0.019685367828980782,0.2473380594245983,-0.5304217638997711,-1.2930226564736467,0.250241669735714
1776261917.2601774,5.4246984523306745,5.039922614079518,0.23026994364317138,0.3193531659639729,-0.11472759313875869,-2.2445430171131213,0.001489887421495913
1776261917.3612962,4.776762305428528,3.1216415048868855,-0.25064417761437585,0.32933769701486226,-0.4361104366296265,-2.2022694993789793,-0.0025439697252891084
1776261917.3662312,5.046214875932722,3.187062159634588,-0.2578619130984551,0.1696782525781695,-0.17105949891776562,-1.9761133600873233,-0.002679577898687456
1776261917.449279,5.772457557629903,2.938638946037618,0.25374675444808814,0.1785104243937462,0.49508339455162614,-0.9756469144483664,0.24883039857434908
1776261917.5473578,4.377749965062758,1.506918626452848,0.33168222323257673,0.3363113478433395,-0.5436392712717025,-1.0055353477006779,0.250320073679697
1776261917.6461558,4.805038393908342,0.0993857971739106,-0.18424706210883707,0.39700698585153965,0.13046466725660488,-1.299701253117692,0.24378019535623457
1776261917.7490702,5.365389481933801,-1.060286563066064,0.08522055788924943,0.45440315449385477,0.5558896410741844,-1.174353338344458,0.2465945788363573
1776261917.8402774,4.85271084882664,-2.0996733286007703,0.009273603468083747,0.49747086428588616,0.003910092412784505,-1.0661418586344358,0.2491120130158391
1776261917.8472412,4.870519230033,-2.0880886776059384,0.4053497939657157,0.42866290855716505,-0.19700744010531976,-1.1744665269463126,0.24905140651795626
1776261917.9387994,4.757283865456538,-3.411921065601095,0.09152614192678371,0.47691184908972184,-0.24978289645512877,-1.2977510037689481,0.24853469239515308
1776261918.036751,4.541958956877651,-4.474440457877002,0.12035885316463554,0.525664430732234,-0.3306154209787945,-1.194057316974466,0.2433340120160072
1776261918.1367893,4.686523125174654,-5.661807339868661,0.3165323459442246,0.5667290860815415,-0.0864723250962599,-1.2087486481332808,0.2493705637878768
1776261918.2349265,4.978073721846109,-6.785095836644323,0.4414926281202453,0.61304581997932,0.18565553622948394,-1.1601661469903313,0.24860266302902495
1776261918.3339005,6.14435634315424,-8.322089815240922,0.16628557943581712,0.6522488882783265,0.8775551773090557,-1.425612004177524,-0.0035977456333326453
1776261918.337007,6.274245058317481,-8.152820857300838,0.20265707481291018,0.6078603026578396,0.9474192055755498,-1.1223326535322298,-0.0036353014990695093
1776261918.429955,6.274666977500767,-7.520897531341367,0.0629196356053992,0.7240276784343403,0.4509365483445117,0.048403430538458636,0.2506861943788569
1776261918.5267375,7.197047652855103,-10.069077284193863,0.5080321852582098,0.8618793871526617,0.722832212020144,-1.3136430094990545,0.24607655058872246
1776261918.6266747,7.35509489100102,-11.90158500703931,0.4361232939636025,0.8864060979830499,0.4639338993511582,-1.7122082172666362,0.25069404050891236
1776261918.7286918,7.344653155562789,-13.33869513163554,0.737713446856259,0.8634030184716127,0.07550557737707325,-1.709055203332203,0.2478457161233388
1776261918.8208063,8.924675671753228,-14.160992859426194,0.42731504255901126,0.8774678881993645,1.053807475070091,-1.1728741016068809,0.24688659880610345
1776261918.8230958,9.01074325842433,-13.95663812746052,0.39997789700957465,0.8613144235044301,1.01331836531396,-1.177826803801854,0.24687276426189578
1776261918.921492,9.462714616155306,-15.14085863490589,-0.5865625002323275,0.9198122444651581,0.640373816167046,-1.317489143864412,0.2460535361129198
1776261919.0200238,10.787006310380875,-15.968277771018386,-0.1827856928610535,0.9645165114369241,1.040584505806301,-1.067814733591629,0.24466245617289878
1776261919.1171608,11.702800922984196,-16.26863385200872,-0.3324155540629353,1.023244245550322,0.97795419331136,-0.5715289494465785,0.24542768130913462
1776261919.2175708,13.060830881594786,-18.178017555710596,-0.02950519419785491,1.081553087391928,1.2724279115023018,-1.3144811912392222,0.2471698237221772
1776261919.3160372,14.086870019269087,-19.60372814598743,-0.07475162609221009,1.115243815343358,1.1791281661474677,-1.4621156734319085,0.24828526427085212
1776261919.3251693,13.894429544939246,-19.41160946366671,-0.06321681592728526,0.8414224641420582,1.1025217879857883,-1.4450606559961061,0.24805484309530346
1776261919.4117558,13.868645551697227,-20.3560856103381,0.1809912379328979,0.8817464648232207,0.437792519935716,-1.3230603647594712,0.24748693690988915
1776261919.5314407,14.711984108624751,-20.68773479670628,0.2863702424348866,0.9128792489506731,0.46436610262957384,-0.8025977277904256,0.24983412571300473
1776261919.606757,15.15435940401039,-20.830704563802417,0.1387475683317126,0.9562201451144172,0.37817914079730813,-0.3222185845770635,0.24865407352338872
1776261919.7050128,17.57610034004047,-21.054667747224645,-0.050278010285681046,0.9530212073370244,1.684864328903572,-0.12624314225340705,0.24794044348770808
1776261919.8123124,17.463368006280632,-21.835380403130763,-0.3675468536654587,0.9450956268889588,0.6579093980908433,-0.5034619210842005,0.24676211237205123
1776261919.8156958,17.481190053748374,-21.78395871438192,-0.3831874764050356,0.93791977819514,0.6709717055917981,-0.539808353851262,0.24675576493201362
1776261919.8990989,19.188313266980277,-22.66614601184399,-0.6698493661958438,1.018191278277289,1.2519525495437795,-0.7801094960261378,0.24796042928076426
1776261919.9980714,20.733342044278537,-23.435294335276357,-0.2950745924519682,1.0629138216660645,1.5605260104132828,-0.9014864717325517,0.245317288846793
1776261920.0968742,21.763960737300003,-23.383252753348884,-0.1839032178342564,1.112254429924177,1.3362718070599873,-0.38417739307551113,0.2480062314772147
1776261920.197156,22.985908814473426,-24.81585828102776,-0.5662404504469227,1.183398023299001,1.2938924436719954,-1.094771640821464,0.24546755651928823
1776261920.294694,24.026531503223367,-24.420059311253286,-0.6718919217634056,1.212748506173453,1.131603942793842,-0.20897040068032613,0.24840845536975956
1776261920.31617,23.880557452589326,-24.19560061775521,-0.3798263116941021,1.0623104321126078,1.059684648941785,-0.12528225339451105,0.2482834987442193
1776261920.3897688,24.636137011389057,-24.5903872057181,0.14530516238138552,1.1049783821981058,0.8709776127735496,-0.23526524178778496,0.24390395982100774
1776261920.4903002,26.111868761945917,-25.287617103583944,0.04442265803946402,1.1622597677623652,1.215597970798732,-0.5107956391604482,0.2490919379118073
1776261920.5875988,28.55844572610194,-25.39232378487242,0.3186261259049178,1.2400369330882373,2.151002960089648,-0.30979152350614386,0.24834191639939887
1776261920.6866083,29.17206370393091,-24.704624755228675,0.18018645194819338,1.347019123585924,1.3061583805180088,0.4183993608509137,0.2513383942921776
1776261920.7822354,29.21560873121234,-23.997441118862874,0.09515023078037167,1.4261530835659355,0.37058226264096605,0.7651965378288496,0.25019044656239087
1776261920.784866,29.291729762184165,-23.68904950903467,-0.00457775692889123,1.2608022223952235,0.5907023237819121,0.7911075260900392,0.2500521378475093
1776261920.8808117,31.038192913821202,-24.001002861154564,0.26661250879924525,1.3129553250031376,1.1895001654020394,0.2681187371183049,0.24726737299068377
1776261920.984146,33.50062086383279,-24.3402353973456,0.21016689024725815,1.3762185679182415,2.0462841699370715,-0.1557439691366242,0.24347016377919053
1776261921.0792959,35.01441473374881,-23.599655664599208,-0.21438803091651823,1.435680227928252,1.833032035762413,0.4142405455266215,0.24862652284453543
1776261921.1841307,35.12386266559075,-24.641791874666673,0.21987572200197797,1.3661694065177459,0.8059509588420828,-0.6152495135296482,0.24548644185647803
1776261921.2747526,35.94001352290729,-24.19918200869654,0.059970757645165684,1.3616385233192811,0.5702012892910411,-0.008045545637737295,0.24488619657776628
1776261921.2790835,35.839018819685904,-24.132365515880252,-0.0069594412464077104,1.3721399088581947,0.6902440304428643,-0.03322243981561557,0.24489514161463466
1776261921.3780563,37.05116014320965,-24.4131774955294,-0.10218450687280942,1.4079703728692132,0.9763487010097932,-0.23225008535322114,0.24596245209853748
1776261921.4701824,37.487050749532564,-25.457464908261695,0.3211212755017532,1.4319414837115567,0.6603185601448335,-0.8949983205791026,0.2510835371824481
1776261921.5747962,39.06248572859747,-23.295384891382866,0.6879525287306024,1.5042073622924306,1.273247532058905,1.0175261447643635,0.25014207141686656
1776261921.6653008,40.96019092397132,-21.74777250533575,0.9231100376638723,1.5307980473804752,1.8061021951840903,1.785170717531888,0.2505276064848876
1776261921.7679286,41.09731589286256,-20.58860442738305,1.0965866202168952,1.5957403709835978,0.8874258922479843,1.8724520864226677,0.2476640510578284
1776261921.7778563,40.9651805365001,-20.459150323565716,1.119702150196247,1.4079755832119067,0.8322136711811272,1.9569212657750161,-0.006183011606977434
1776261921.861585,43.585415509774414,-19.5770150293566,0.7915423728212811,1.4767692457011987,1.971611842223802,1.5807723744363722,0.246405046288944
1776261921.9619675,44.230990433450955,-19.798526065446808,0.6894567625266004,1.4274129859765394,1.4154599297790522,0.3416911825964808,0.24847611289724775
1776261922.0562308,45.11198614393464,-19.375246315349344,0.26191017895067514,1.4325152896947027,1.0635751616959326,0.3132788752693664,0.247457584615123
1776261922.156986,46.247208842261486,-19.520481617152537,0.21010364369975393,1.4859571589613012,1.0504084333166253,-0.07715125107323162,0.24333103825488148
1776261922.2568035,47.46811585682567,-18.54960707127963,0.06312932748170813,1.5430457799694826,1.109304442623933,0.49218540829688445,0.24980472606460666
1776261922.2613769,47.171968792791475,-18.615557593023617,0.07705128281454363,1.5453333778108096,0.913951701886844,0.40983252021821,0.24980602815849515
1776261922.356895,47.25661794992355,-17.95279209521864,0.5161034577290847,1.6145498569188164,0.34265098208557454,0.6766857843281766,-0.0017171278138551317
1776261922.4493186,48.82044675404261,-16.575225018619598,0.7879014259887613,1.6061169561589037,0.9408321164040135,1.3029310909147527,0.24804276023905739
1776261922.5490253,49.6756197565849,-16.068106587833416,0.44595957632675126,1.6321282368085168,0.886049020654297,0.8805926666927756,0.24569026669480726
1776261922.6478925,50.792405525084334,-15.284920463592565,0.5153931858631069,1.6807148167351131,1.041189793463446,0.8475029076762277,0.2516739093737407
1776261922.7439106,50.43718651924391,-12.859856115924373,0.32617182105295955,1.7082024606527677,0.07834603898765513,1.9650902299521968,0.2442272574544603
1776261922.7533154,50.33900147100532,-12.96197785730534,0.5661204036599268,1.524571408779219,0.1535551917376306,1.9762697855402585,0.2440790259587773
1776261922.842859,50.888814227138056,-12.064077538702994,0.14077576110851137,1.6072942688961818,0.3162810368913748,1.547113109072153,0.24547704597955686
1776261922.94375,52.039572147479404,-11.417715420217876,-0.014018577871830931,1.6685773260225019,0.8610953981078707,1.0299649957943018,0.2473409906120258
1776261923.036893,51.466898058626086,-10.322139690248594,0.01792235839355158,1.667720097608661,0.061494507159698286,0.9827955731352229,0.24847501433025718
1776261923.1375089,52.99326964094759,-8.900923802222396,-0.6720292771921603,1.698059747881237,0.9953505588304993,1.395111122297938,-0.0029297713463733673
1776261923.233067,53.80912296994912,-6.454604586098118,-0.5740469783833675,1.7844983839041468,1.118209523539397,2.188295521458539,0.2435508684576078
1776261923.2354977,53.41487873142865,-6.772693130056707,-0.5530740995541628,1.892556022680998,0.8749285581996818,1.948732031341036,0.2436381553251628
1776261923.3321416,54.9421009164209,-5.584776291821013,-0.5953079496824225,1.9322543527782803,1.485253257136737,1.6313671997726396,0.24690576890622054
1776261923.4348,55.291787632296376,-6.036197948125865,-0.5436044169292985,1.9255534994627586,1.0516254554334659,0.3326568194323898,0.24419162413737952
1776261923.5340507,54.24200666593835,-4.255222059626351,-0.8632327758808478,1.8349844300559235,-0.3540431809646345,0.9857455610285165,0.2444899151269092
1776261923.649292,54.684869407020344,-3.1586590670909707,0.2943833996871834,1.7916545626813076,-0.1900008539397855,1.2615112579875665,0.2458851141465667
1776261923.7252657,55.46137672386977,-0.7662634502137258,-0.24246280756008226,1.846612806493506,0.3052729272558534,2.034576034594198,0.24550345104050775
1776261923.7379167,55.339881865771304,-1.082354777359349,-0.2358362373543918,1.7966584581181728,0.2560565568469422,1.8646579642997236,0.24546244206602455
1776261923.8236384,55.39574431359387,-0.028090068366113163,0.1831729837519857,1.8110559710290046,0.24609896475187035,1.6310093772349727,0.2467318270933239
1776261923.9234014,54.6608089122709,0.28126773082206036,-0.6326413253792957,1.844004314643425,-0.5291506695885158,0.8577563503197116,0.249064971512754
1776261924.0168355,55.129171172444444,0.8969730858118894,-0.322000273230132,1.9345413119495354,-0.08017639002730581,0.50773243773243,0.2475417301925897
1776261924.1152968,54.46091412631637,2.9788964642501505,-0.9566445164770848,2.013470459316526,-0.5467040756037306,1.5490850023236207,0.2472234455603947
1776261924.2139385,54.54751563840717,4.729064151451846,-1.3612154039642037,2.027195647423369,-0.26703488066220327,1.8572837512351221,0.24255406405006646
1776261924.2186747,54.640644749802185,4.482103041622634,-1.3553613911995959,1.8591653066225773,-0.18143122120174138,1.822178074448273,0.24241718650108326
1776261924.312922,54.95407119837732,5.556018912334984,-1.151733868640184,1.8931921567662264,0.1377115772390948,1.5993590729842935,0.2456347415566019
1776261924.429519,54.23238509603612,6.6528031918703325,-0.751062150488377,1.8852916937699626,-0.28284428194494887,1.397891943171158,0.24855770418419318
1776261924.5075407,53.69787250403156,8.038478524763894,-0.9984746340360643,1.968183110503241,-0.5036667317244068,1.4441225552433672,0.24447378993689048
1776261924.6073573,52.83501116034084,8.896644681216957,-0.9242875277305134,2.019083057584735,-0.8341823518092748,1.0676631624730057,0.24471703112055182
1776261924.7040093,52.596015958193476,9.83190717386715,-0.7772025313594298,2.0794437004547257,-0.5755635315020973,0.8768202694604471,0.24723710920120373
1776261924.707267,52.564301511520604,9.518708935870228,-0.7747737662425823,1.9115166615638146,-0.5004416109829622,0.648054082076894,0.24710115130295496
1776261924.8023074,52.110974951384186,10.510266395239855,-0.7042627686786856,1.966001463789132,-0.48359044113685234,0.6849580655176077,0.24631483435799809
1776261924.9003901,50.90608952353839,12.743307772167348,-0.39403185439578714,2.046517258496232,-0.9186096317633676,1.5901277402092728,0.2445737128156287
1776261925.0003338,49.85157936483182,13.35590573349295,-0.2561770118490103,2.1146655962793113,-1.1175724889562655,1.0785862662289243,0.24995574712544827
1776261925.0982015,50.16324296194899,14.293139307460295,-0.13430903543558997,2.194007612239068,-0.20467160628681413,0.9692790940079778,0.24579505033494503
1776261925.1957788,48.65898569069201,15.778244572973376,-0.19828956386494995,2.2380138896521484,-0.9869314335124668,1.3273492551849437,0.24665261306639155
1776261925.2151093,48.784251892555574,15.473275920764415,-0.03932784498797895,1.949507138246624,-0.8764435067878952,1.147955085418265,0.24641972179364038
1776261925.2927365,47.100824870835304,16.979435203899612,-0.35117204472218444,2.022948881508608,-1.491361796498686,1.378917092280366,0.2470398893526973
1776261925.3927295,47.80095501387217,17.761081590500456,0.1321362489918857,2.074179456005835,-0.24496762527462823,1.133947981463775,0.2448205616503583
1776261925.4919195,47.143230822922604,18.55780022768629,-0.23729695214240148,2.0942277786486985,-0.44676951274225896,0.9415994017257998,0.2447890364873605
1776261925.5894814,45.87578495747895,19.68381606853458,0.24014181361373105,2.132272981953248,-0.9184814803666811,0.9990984908300022,0.24538873283936255
1776261925.6885476,45.27351428809015,21.246102716147327,-0.4846678891985214,2.159355254679275,-0.766516500083753,1.4244209300229662,0.24504942840843438
1776261925.6928167,45.16790816446918,21.082627489031147,-0.519654622268265,2.3573831786785675,-0.9326467791754676,1.460078503115962,0.24520755330709235
1776261925.7858682,44.679252993456686,19.818895404077512,-1.0548837647407525,2.3827664956003587,-0.7732360853772955,-0.05677509137214343,0.24433401892418008
1776261925.8812816,43.05033586331304,20.6550892949053,-1.4286706967302396,2.3994802570772547,-1.3749215576324594,0.29603942664034666,0.24336577840804852
1776261925.9788744,42.45087549699095,21.634878925338075,-0.8974603129523394,2.421916601207921,-1.0653967458347893,0.6138906618625819,0.2442742155447164
1776261926.084706,41.93137701340316,22.49448554789553,-0.5094869877389073,2.3146598054397596,-0.7319432636451965,0.8956438206460042,0.2456501450540448
1776261926.1738958,40.566422841122574,24.07720640486027,-0.1674650058776096,2.3836122835889775,-1.0671749530382169,1.4464884293254363,0.24625920168720256
1776261926.1761367,40.85489428162432,23.930059595382076,-0.14803242724909438,2.457406110347934,-0.7903591571599818,1.3288602928661548,0.24631794312902705
1776261926.2778177,38.56723849838791,24.299013643393284,-0.10063892958468235,2.5512588384001478,-1.7160796617648968,0.7760463136973212,0.2428161852770794
1776261926.3700228,36.81696428886643,23.758849947408628,0.20765356629987025,2.660557720374778,-1.982612976961312,-0.19383157967762854,0.24450806060565258
1776261926.4685054,35.203953137132444,24.916700302743045,-0.26040441448214524,2.717275637772815,-1.801306072714421,0.5973784595357415,0.24934184969169979
1776261926.56775,34.902578992590506,24.817760605415547,-0.39163172287363757,2.6988170165297367,-0.7864619664056187,0.1836669215936556,0.24560345205272308
1776261926.6701717,34.20447525598818,25.297233115359887,-0.32932270049739915,2.7614470008547833,-0.48764246827800095,0.2767082974563748,0.24629900610636352
1776261926.6762717,34.2622411538363,25.043241481231895,-0.49157661314798295,2.5107661308937788,-0.7208649405986631,0.16280184886502608,0.24609872508534228
1776261926.764564,32.525064259801375,25.225675682480198,0.0678288441079633,2.573347611370928,-1.268022480536711,0.1307965645404919,0.24506013685942282
1776261926.86846,31.942937192265198,25.04279053324873,0.1790942648807316,2.476937184919999,-0.9779649197912421,-0.10652789961993725,0.2433870272398511
1776261926.9576392,30.254685764548906,25.430687973122364,0.3556987945283433,2.5267008214825597,-1.467900373729971,0.12297280043732131,0.24710623335467735
1776261927.0571063,29.68330471715682,25.68795789924109,0.5074576409511524,2.5472313620455016,-0.9438126088905633,0.22361787691252855,0.24386274825801407
1776261927.1588395,27.800495918588837,24.34603204487469,0.32812478562814673,2.5594498793429974,-1.5652815647980773,-0.8757329299045278,0.24609178104639645
1776261927.1641543,28.041149247441606,24.39788228520594,0.33701736631118756,2.4955777348684935,-1.3452837125890786,-0.8395064032222115,0.2460407297746809
1776261927.2539968,25.759133924536584,24.06698555323434,0.7343761360448348,2.4708288042834705,-2.0991695360172566,-0.7866289592164866,0.24360405253099332
1776261927.3568554,23.978227009111084,25.040413487878066,0.7036585638558416,2.44709872182078,-2.1697534596726857,0.255924670959482,0.24626355263384372
1776261927.4534855,21.713073762213668,24.010485778171848,0.5610998572933568,2.480476916282504,-2.3449255268050218,-0.5598339580687575,0.24437073695881753
1776261927.5476255,21.346730053880684,23.237683164654165,0.2820121316571059,2.5749583588832574,-1.1001368924927069,-0.8704551252857303,0.24440274326938213
1776261927.650529,20.81975867005127,22.960486479964263,-0.5792200547464507,2.670510674743545,-0.6547723631114163,-0.5960854655868911,0.241480196381388
1776261927.665875,20.96967753789596,22.95166849116769,-0.09915031345601127,2.5138818347752,-0.640409988625176,-0.6569381022856998,0.24135779863805293
1776261927.7444746,19.2079925998899,22.34051847040206,0.05835230796783508,2.578997784514554,-1.2234125348272835,-0.712167349807469,0.24208224519693147
1776261927.844523,19.05586902400771,22.86909372526401,0.32291527459064107,2.5698987703342797,-0.6430283300299454,0.09503128846608566,0.2473847144624616
1776261927.9429016,18.488102361924163,22.8317616101661,0.05715882484450269,2.6093254813355813,-0.4772720718040191,0.08231555964230661,0.24335232554835967
1776261928.042071,17.098901255874967,21.3150970428799,0.19970380999887982,2.6403522091994645,-1.0214156330896478,-0.9429342852257885,0.24461609659656508
1776261928.1349277,16.33417865344638,19.99728931468787,0.21289183203610576,2.7073394272609552,-0.9217038384142779,-1.3971176465524335,0.2469683282766381
1776261928.1374016,16.410692682486236,20.079729856283112,0.20427661124380148,2.7120984721979755,-0.9552289680328642,-1.399815838875969,0.24697182170084112
1776261928.233685,15.124825920036502,19.583501778736053,0.2741981581893006,2.7599757331017423,-1.3049216807875423,-1.0798772301006594,0.24757368990492543
1776261928.3320594,14.60407740317149,18.166183672362852,-0.14482296123011434,2.7848589918895796,-0.8805121782356777,-1.412176998662202,0.24431484473329798
1776261928.429268,12.29921745780757,17.516304837365876,-0.12163991236489363,2.8501149997787656,-1.8385754079303855,-1.0479354145568345,0.2425541073277538
1776261928.5493383,11.162237345579072,17.517262708286427,-0.16613999555331582,2.8556651624081795,-1.5700556719249077,-0.32539383262425015,0.24544799420125366
