time,rov_id,x,y,z,vx,vy,vz
1776261889.8149865,1,0.36667555527842804,1.661353559638235,4.926149433187968,0.0,0.0,0.0
1776261894.4655585,1,3.2391005255955796,-7.460490777697263,5.462011521752899,0.5488425556560901,-1.4100969063583473,0.10590129595201567
1776261897.9880393,1,9.22958615323961,-13.29808846989744,5.661581604471284,0.9924498023359365,-1.3148073827798497,0.042278826388575844
1776261899.3492804,1,18.503479018405542,-19.462836543459414,6.540379548740081,1.6769948706497164,-1.1223966498351325,0.16843220866090647
1776261900.3337762,1,27.05421744897195,-16.142322509084195,6.61510764918574,2.1005927478571094,-0.16934691617600794,0.02180577757695107
1776261901.1484332,1,35.17444884864262,-13.099050047336013,7.053178577262118,1.8481692202636468,0.3688328246064901,0.08498119093027241
1776261901.857545,1,40.12995055489253,-6.865263174408291,7.247042716526025,1.3326465982273565,1.089630097862542,0.039080724446666035
1776261902.4885163,1,38.90810444774071,2.533646921778127,7.989425432122916,0.6808504371759926,1.765292248779938,0.14102580960915487
1776261903.0762162,1,39.238513541498044,13.882514959814218,8.25102565417142,0.16722969420817324,2.147421635431995,0.05237302315139382
1776261903.6109297,1,31.832290668224815,16.737984603606435,8.880872215827576,-0.6008765480495222,1.5331185547326545,0.12245815929808902
1776261904.1182384,1,20.44776913105381,22.64366990934099,9.277108068569433,-1.856115608340317,1.221496208452324,0.07937969983318298
1776261904.6083188,1,11.663300662823756,21.422556025209225,9.417653782130003,-2.0066361915551125,0.3139444222655925,0.022370895885416506
1776261905.09436,1,-1.0715116515384124,18.120934221543123,10.219294225373547,-2.384202836991503,-0.5451947760465656,0.15841132946970204
1776261905.5927072,1,-12.396272302425015,9.031276668061727,10.50703525884529,-2.3046402579395426,-1.5667567175439183,0.06410572449577075
1776261906.0826492,1,-13.118528855236416,1.9630279374770403,10.86558544972175,-1.2294064277853076,-1.8467370721068497,0.06824481488153154
1776261906.5665603,1,-14.398665136234257,-15.85796879962213,11.358637758656172,-0.3837934345573102,-2.8140796063095244,0.10183662886765635
1776261907.0578117,1,-10.903466626381235,-26.775070233161596,11.757013441589779,0.48733977819783525,-2.516758974644947,0.07877490415707303
1776261907.545741,1,-3.1078644832005002,-40.86067709600048,12.081340834345445,1.345886625740093,-2.7948770347667673,0.0640928876402588
1776261908.0418222,1,9.152462471546626,-51.084517446209006,12.732052224683361,2.3720963728926074,-2.4398320781232807,0.121528192337745
1776261908.527203,1,13.069295292613093,-49.932171898004334,13.073383614382273,1.9520537744341426,-1.3344123822037373,0.06839734737482635
1776261909.023233,1,32.07278577916265,-51.52599884805176,13.506998905960437,2.8420524757727987,-0.4990571751037133,0.0857463181787382
1776261909.5084112,1,55.16525794219884,-44.34294213281448,13.814942355884552,3.266510816879027,1.1030868057630907,0.06157311803741134
1776261910.0042202,1,64.78551548853291,-33.16161051258612,13.841196289628279,2.4951591088777327,2.0760776635761395,0.008664539715511711
1776261910.496085,1,70.08168355477704,-21.170284463170873,14.627188934716957,1.7484490793815186,2.6491145608726683,0.1443914241386158
1776261910.9821136,1,70.89927796088853,-6.126479011256196,14.923003519551415,0.5200071605779151,2.9776886277309482,0.05861756915899512
1776261911.471545,1,67.81677533816334,9.937354156033742,15.190986602919626,-0.3641038471100999,3.022616024067328,0.056125340817082994
1776261911.9725058,1,62.31735958667325,19.251494444728106,15.745369759523658,-1.1347066491916986,2.5839194458022914,0.10599931366823279
1776261912.4553106,1,52.43139265733559,26.674009832656594,16.236891507371187,-1.934181183648033,1.9408027017165348,0.09663817741180324
1776261912.9479544,1,41.388346388739336,27.763901599209603,16.866362852483576,-2.189695031402117,0.6843998941915492,0.13176709085101498
1776261913.4455361,1,30.969778479049566,27.64472067605133,17.25972962454735,-2.187487411607724,0.05270849374187869,0.07304777625236561
1776261913.9215457,1,24.239167349427788,17.15378745537797,17.34305345915869,-1.5435638164392254,-1.2459386691464414,0.01941236661846959
1776261914.4112008,1,20.82399687778097,11.703141212414895,17.847334860282114,-0.928297231120241,-1.6851841860730825,0.09176176492087057
1776261914.9073355,1,26.772769464232105,6.742573894735872,18.260270606200685,0.2908771893615525,-0.9763721396967596,0.08369874085387005
1776261915.413067,1,32.47196473484398,5.104759998116338,18.71879569807988,0.750961991206787,-0.488354367662461,0.09015096997227205
1776261915.882277,1,35.77947518128694,5.4227180307614224,19.30367909990018,0.8973300629411467,-0.01026000482456324,0.11125726443494581
1776261916.3723812,1,40.67575032992999,12.391116764115761,19.688727260549793,0.8080485015353923,0.757907722044207,0.07413924145789624
1776261916.866527,1,41.075921044195,20.544005846687643,20.002249670330507,0.11021212889638221,1.1855381715819229,0.057898263027638064
1776261917.366316,1,35.94740956399093,23.611432321071394,19.237860243626244,-0.7594261598742567,1.0738466091943055,-0.1479958635413821
1776261917.8472688,1,26.292457921945463,30.116670329278616,18.822996683771414,-1.5042304260338413,0.7844630393261689,-0.08863449131693285
1776261918.3370383,1,15.232245056417973,32.1020848875556,17.99812371122634,-2.012767776730059,0.4676972301602563,-0.16286516894661554
1776261918.8231235,1,-1.8116330527207616,27.826705118374722,17.320377482975896,-2.527368418785727,-0.7577138208175789,-0.13799910984619843
1776261919.325198,1,0.5759159299441237,22.5245747680209,16.669010150790193,-1.7831216160266192,-1.0783263777304495,-0.1324563707027634
1776261919.8157296,1,-8.3278607430178,14.03596758765416,16.292776458117274,-2.0038185925480843,-1.408793293042803,-0.0799995992611636
1776261920.3162332,1,-12.16188851301386,3.653765741902827,15.465037535736812,-1.2771560432022886,-2.07745282950137,-0.16355963733759032
1776261920.7848897,1,-14.994129427080217,-12.870118584213229,14.631326848758711,-0.521844833652048,-2.7849526508440023,-0.1681992848272697
1776261921.27913,1,-11.201378045448898,-26.87084548897068,14.045547820502176,0.286541578858868,-3.065908416404329,-0.11942614067788244
1776261921.7779799,1,-4.660558440628937,-31.9698140259743,13.266868364656982,0.9532743038435858,-2.6036709666384734,-0.15591786753061485
1776261922.2614088,1,7.725547132511185,-43.692332532820025,12.520743357112535,2.026240626415799,-2.46973115647749,-0.15093696115802493
1776261922.7533607,1,13.345586287883346,-42.27026673257072,12.052038470934251,1.9644315988370644,-1.7714737398571292,-0.09750423070604067
1776261923.2355173,1,40.56229939354907,-51.54995234113331,11.572733786959999,3.6767971137655127,-0.6932236174676984,-0.09822571595971652
1776261923.7379572,1,45.90041481092211,-42.56951342538142,10.801537778739291,3.366604927058928,0.06155470603617286,-0.15592424832834786
1776261924.218695,1,55.1339333439051,-36.96127765650907,10.224153589763281,3.0668295250576616,0.6941136843914585,-0.12035508874703903
1776261924.7072873,1,62.06595494592276,-29.996494626940255,9.761528026809845,2.688805448216365,1.1378221429016406,-0.09738304837477381
1776261925.2151616,1,64.55314649218325,-21.549362695664534,8.73849490561984,1.8155374803759947,1.7273392795335654,-0.19990970781154632
1776261925.6928625,1,81.74988501946217,2.0340442740711318,8.517915122796866,1.8748227653637615,3.207660622633157,-0.052831500981616986
1776261926.176152,1,75.94862783466942,14.012625140759518,7.928951139468777,0.47032085929732115,3.248986893538798,-0.11729259871615581
1776261926.6763372,1,69.00866689690916,20.040646651651535,7.08737784773726,-0.47462691984199257,2.6838232625403835,-0.16727294225909098
1776261927.1642084,1,58.877947872879574,25.58179302213168,6.989656990646493,-1.190408046163644,2.3598243943875095,-0.027678669464072603
1776261927.6659288,1,47.81673678744316,28.09405888243842,6.432551463044657,-1.7838893011220762,1.763257143542117,-0.10802508066537007
1776261928.137425,1,37.828623893202106,31.296619314371686,5.507372512427041,-2.0480703742379167,1.216227405882726,-0.1826805050286916
