time,x,y,z,yaw,surge,sway,yaw_rate,gyro_bias_x,gyro_bias_y,gyro_bias_z,accel_bias_x,accel_bias_y,accel_bias_z
1.700000002,54.896935313660705,2.7979023693118816,0.022799595809507495,2.0055469762846863,-0.06389125962614203,2.859289846489893,0.25000176584233963,-1.883512060669557e-08,6.498965954054359e-08,3.9553915118061375e-09,-2.676284768272402e-06,-1.5836159179229351e-06,1.3558921728514255e-05
1.700000003,55.01550039834267,3.2549807991564905,-0.7471627702690437,2.0306702808639354,0.08705990784918188,1.5810056353288946,0.24992876229373628,1.1968570976707244e-06,-8.352449581039375e-07,2.1693791433644056e-06,8.146834411341731e-05,-3.8627922235301806e-05,-0.0001907892698923522
1.700000004,55.25835491835436,5.169380917471921,-1.1416837479933193,2.1421066479569184,0.19004171586471874,2.104492205259313,0.25005568452381927,-1.3382656972251489e-05,-4.5494469746511825e-05,2.7595780334851102e-06,8.343386657730533e-05,-7.202818561797105e-05,-0.0024413593301592876
1.7000000050000001,54.487598238536584,6.395784753939885,-0.9166581393365825,2.163829128372213,-0.4963093797585299,1.3073842062417065,0.24993674781663666,-6.34095049839726e-05,-9.917042365985743e-05,5.025186945255508e-06,3.0938634287773496e-05,-0.00019646726067896968,-0.004413029631690032
1.700000006,54.13794288408249,7.388077928788183,-0.3507461029632397,2.209087201530339,-0.3916219510556173,0.6940134770877759,0.2499636598377287,-6.411047053976172e-05,-0.0001245367744682404,1.8569492252845913e-06,-0.00018046941526891154,6.817233254755584e-05,-0.006987966196067488
1.700000007,53.69511866213792,8.756629200278818,-0.28271822345179337,2.2744737024063952,-0.4249646042626558,1.1246627334913586,0.2499740893857975,-3.506373872949705e-05,-7.987367444613396e-05,-1.3967318444151622e-06,-0.0004719350071297709,0.00039290145352433264,-0.00936402127578519
1.700000008,53.195413645004784,9.483171753582889,-0.09399471478279736,2.3098303738222645,-0.4277290472050002,0.7209725992106368,0.2499252538065421,-3.376748165643545e-05,-8.823264119053657e-05,5.165216422730264e-06,-0.0005485238757011862,0.00042496713835275064,-0.01109415647149275
1.700000009,52.25168796737383,11.315384940302694,0.11217429191856673,2.3557695052984307,-0.9033430254236837,1.6431372326544924,0.24999367197289335,-1.8789206359023652e-05,-3.288299420727141e-05,6.601536710955737e-06,-0.0006800093160563335,0.0005739769351074219,-0.013384520687267979
1.7000000100000001,52.019819939014475,12.483190287105867,-0.04024952439176345,2.3614542495575486,-0.3731870522274593,1.296716355598021,0.2500288821422835,-2.4630112611412782e-05,-9.397905076071952e-05,7.617793315180632e-06,7.001805699925387e-05,-0.00012097061515656499,0.0021548354066663108
1.7000000110000002,51.11085495152445,13.172677097125629,0.1378279194923762,2.190369239055057,-0.590897273853406,0.7549563707887144,0.24991204582581875,-3.395864380011479e-05,-0.000110913416982749,1.3761542754600093e-05,-2.0792460135949484e-05,-0.00012054411460696944,-0.0011852913327375304
1.700000012,50.28114845871137,13.926954687521201,-0.14267987173147684,2.1400834423452477,-0.7805971722986149,0.7698503734530415,0.24998807390830852,-1.4084796480441672e-05,-9.71606781296049e-05,1.876357518804386e-05,6.928164455793512e-05,-0.00022919758888255513,0.002608423677242983
1.700000013,49.280446145664925,15.011825253817458,-0.23401279489666998,2.1734963614556273,-0.9983297250203187,1.0210552763499374,0.2499566271604016,-6.650731409332815e-06,-8.063842478505598e-05,1.9162365519648e-05,3.576159338296376e-05,-0.00019394404446670667,0.0015025851128670222
1.700000014,49.37235915940564,16.094003463780936,-0.32053982803322806,2.1203384097928324,-0.17764331027250113,1.1747920771448375,0.24987075749945828,2.740560528806363e-05,-0.00010793767018285545,2.6134806282677235e-05,8.945737015332564e-05,-9.758918019026861e-05,0.0010055587040222582
1.700000015,48.2612492901434,16.854369371580525,-0.1904287071911943,2.123239111193225,-0.8388519705352402,0.8718212014332163,0.24991850008128114,-8.58193404037273e-06,-9.297912732418519e-05,3.111106844717808e-05,0.00011322632586360746,-0.00022552961822158978,-0.0027042406809465853
1.7000000160000002,47.32206850767619,17.746464592288866,-0.09679916631995072,2.192040153773114,-0.9755432504195289,0.8323832927785466,0.2500386617585548,-1.0873670949599894e-05,-9.318190190028495e-05,2.781248426871947e-05,8.234577443843558e-05,-0.0002134845581187,-0.006018895577846837
1.700000017,46.66826933234695,18.790494094636696,-0.09601822820063446,2.232824849931928,-0.6137165588690701,1.0998365091422422,0.2500233675612437,2.6635312745449826e-05,-9.363157333688694e-05,2.880538121903128e-05,7.961737709585588e-05,-0.0001545368090077327,-0.006973096617158508
1.700000018,46.05856264400012,19.399950867812485,-0.2576796828478674,2.2571879182533237,-0.54041208408574,0.6930932994368798,0.2499366795839685,7.012769370852417e-06,-0.00011175254725850301,3.450773984776584e-05,9.456056418709085e-05,-0.00021386058751571697,-0.004923691414249615
1.700000019,44.87035085254536,20.51506747069441,-0.46190920002875735,2.31125654153783,-0.9840538120023948,0.9729868419955134,0.24999127779934385,5.217807094232082e-07,-8.403054517963982e-05,3.3622275257415606e-05,6.247870070222615e-05,-0.00019990291419648786,-0.002868757149703966
1.70000002,43.643877625957316,21.03852880508207,-0.33679795944078245,2.7305785933992737,-1.4208659423458936,0.559516091536276,0.2500043421034435,-4.182956298211955e-05,-7.726049464294054e-05,3.5275245961285258e-06,3.1215246705809005e-05,-0.0001531014935358401,0.004447941829430694
1.7000000210000001,42.35089878399725,21.870113353079883,-0.6170238198193798,2.8281226121564256,-1.387969218197799,0.6941498864986297,0.2500146541426255,-2.3722214704789498e-05,-7.579688594704022e-05,1.2677507263521795e-06,8.038376958307314e-05,-0.0002326184307121769,0.008202729556217078
1.700000022,41.31461775933166,22.254562561324445,-0.4911918159874541,2.864166733508589,-1.1818152338624337,0.4456038083572975,0.24993793056402047,-2.0977057050047167e-05,-9.044848462027243e-05,4.464713465255596e-06,7.87701959434751e-05,-0.00018444254490326183,0.0039736940989680315
1.700000023,39.93969974749285,22.60492991695523,-0.501859123821864,2.9029995044524317,-1.3971352339725827,0.38459730146002186,0.24999020377234063,-2.099585879284588e-05,-7.830622316730051e-05,8.256412575718486e-06,-3.654214418617898e-05,4.748146987284895e-06,0.002207454039353497
1.700000024,38.892066889971815,23.239814416875458,-0.4867907526866828,3.0075225248744544,-1.1418605498704497,0.41828355493960023,0.2500272821796052,-2.178052249041129e-05,-9.064599232026257e-05,3.5642626236528714e-06,5.461004794284928e-05,-6.37814230818314e-05,0.0009165163280468579
1.700000025,37.55268857820283,23.939512839747152,-0.3304120757992958,3.1345647507144934,-1.2093342410005674,0.6782520561028653,0.24996670518426387,-9.658218553050213e-06,-8.558602244728984e-05,-3.605913099147153e-06,-1.3465974419625833e-05,2.795969695133804e-05,-0.0022413578496777125
1.700000026,36.43674221334531,24.366557969352556,-0.4891628373051341,-3.061421511661915,-1.202650708880408,0.4160448821003074,0.2499992476296625,-3.449155949781033e-05,-8.318589707661831e-05,-4.800423997924271e-06,-6.225348993385529e-06,-4.0578831519574364e-05,-0.0007559924142606785
1.7000000270000002,35.341609934679816,24.56886099355517,-0.3534587112136154,-2.9484616610170318,-1.0390275188334623,0.12931975052802336,0.24998795265573207,-4.8833011218932594e-05,-9.600812172648349e-05,-1.3119489435653096e-05,-8.793138981844549e-05,-9.077594006976445e-05,-0.0037311135376425896
1.700000028,33.87762423959378,24.372430087618675,-0.20112947407762824,-2.965753044342114,-1.399865386196157,-0.3408033957416542,0.24995503373484895,-6.091985847751513e-05,-7.35780652413238e-05,-5.5226136186762875e-06,-0.0002285411244624234,5.590995779876707e-06,-0.006281922922273442
1.700000029,32.63641679786709,24.186078682036822,-0.02336353749852288,-2.9391782606298125,-1.3061530143663775,-0.41841612727250543,0.2500329782220027,-5.012257065148813e-05,-8.361712627050936e-05,-4.180902377741094e-06,-1.6025925430353846e-05,9.373108384851177e-05,-0.009253929520382589
1.70000003,31.998375052599165,24.62903398199599,0.025850884266884918,-3.0032323471731366,-0.8028185413230148,0.31650910358744,0.2499802631750258,-9.27224035381556e-06,-0.00011307884842025841,7.785564642267313e-06,0.00018224026414562482,-0.00016859026416465864,-0.005378269973656799
1.700000031,30.26688755563281,24.6831946230045,0.3397177403556815,-2.7856668164641674,-1.305000092356782,0.17120932833872,0.24999638502411697,-3.580067080285417e-05,-8.171879270316829e-05,-6.373352629816174e-06,-4.409486666554239e-05,-0.00020510008588261742,-0.011445697504862039
1.7000000320000002,29.12611729198109,25.298472832954893,0.4364759183562774,-2.681733004708456,-0.9873994369186203,0.5138053294560112,0.24999744877727662,-3.119913355111791e-05,-0.00010449259246904949,-1.2809269759972107e-05,6.76459097735302e-05,-0.0001794537736496729,-0.010942516721420988
1.700000033,27.639636002324792,24.356893650297298,0.426969861490211,-2.7181799938400872,-1.2996011718719438,-0.8181998276465726,0.2499898845894877,-9.087714765180574e-05,-6.406672397727575e-05,-3.950288387183123e-06,-0.00014863079146248167,-0.00019590309136836156,-0.011994632210516139
1.7000000339999999,26.187756631702996,24.634660064612447,-0.08852440966748804,-2.7827834803033205,-1.5979011135502454,-0.21062729992841644,0.24993281141078827,-2.7033672526676205e-05,-8.060448213549214e-05,1.7737712380787074e-05,-6.001862784230535e-05,-0.0001519912548114724,-0.0044141734518636875
1.700000035,25.149336754413667,24.897939210817164,-0.2521868267323918,-2.7989667489315617,-1.1417698876909612,0.39470225669954273,0.24998863858733592,1.8982667771646608e-06,-0.00012774792747793763,2.8216413546597278e-05,0.0001632584036635691,-0.0005720649982537641,-0.007781029925918189
1.700000036,24.018781476712757,24.976727527845785,-0.2727630010216136,-2.7649801833183383,-1.0529169176599231,0.40060220708576266,0.2499929849229133,-7.82714011020566e-06,-0.00011841066299538377,3.1008317268187625e-05,2.2499605803730086e-05,-0.0007020117450720058,-0.009983250619002371
1.7000000370000001,23.172399185985086,24.37873457746047,-0.5847412568573949,-2.72369722837951,-0.8452047830165119,-0.3518431031202609,0.24994856012028957,-5.116354268867173e-05,-9.449417268748083e-05,3.295603906643485e-05,7.508551708398753e-05,-0.0008212338189660604,-0.008526290373229096
1.700000038,22.015996865885953,24.302028057892123,-0.4570961124607427,-2.6761770869511348,-0.9786728371601718,-0.20449114602210883,0.24997261987184108,-3.0444931329199282e-05,-9.353303233139201e-05,3.777338300466712e-05,-0.00011836090915757045,-0.0008649006800272147,-0.013146136742172236
1.700000039,20.789609606068947,23.715449575946288,-0.20398547838089637,-2.639736966533556,-1.144807581674212,-0.5182344045184194,0.24992204348881633,-3.294554789239135e-05,-7.969237258100676e-05,3.866626903949897e-05,7.330010567236198e-05,-0.0004837918310580443,-0.01929544058561218
1.70000004,19.52080562172983,22.582106056138365,0.1677987441742032,-2.6730668095544243,-1.2833076311846245,-1.1617858392520546,0.24994398367033077,-4.7256962537192884e-05,-6.023531271125085e-05,2.68481724095293e-05,-3.40983855517323e-05,0.00014425856960524223,-0.003994612977027757
1.700000041,18.215566428031703,21.939854055579133,-0.019798230546507367,-2.521997229197977,-1.2250432186227151,-0.8969414703096378,0.24997028627349557,-2.746315961354428e-05,-8.176355692546958e-05,1.386511584474057e-05,-1.4393776500843425e-05,-5.4264076775240944e-05,-0.00044399299568988063
1.700000042,17.198229137929893,21.645440713553075,-0.4119380206602991,-2.4735419233908646,-1.0631418979486773,-0.41831408662704817,0.24994607230528934,-1.0072955403976992e-05,-9.849234646694497e-05,1.5327413067765994e-05,-1.9270816097240936e-05,-0.0002154827939100955,0.005774910777638854
1.7000000430000002,16.102019806995273,20.930044565437786,-0.38071563247986656,-2.4330594581831098,-1.0795339629079002,-0.5561925421531797,0.24995499133674492,-1.5812308122818378e-05,-8.832538508485152e-05,1.6663036934131053e-05,-0.00027778766947207927,-0.0003035209513776057,0.0018925321158163692
1.700000044,15.40677061223538,20.435874591208627,-0.33312419605643895,-2.3295083827557233,-0.699047253720072,-0.5921616803263208,0.2500113635257191,-3.831991741565333e-05,-9.333932812416451e-05,1.2099053427353184e-05,-0.0004901798428058421,-0.000430692633091728,-0.0007235184971201409
1.700000045,14.247593580460093,19.315943582233686,-0.3417803095227493,-2.3700945718769915,-0.9119101266961835,-1.1366211845466148,0.24997420706758608,-4.641203555356438e-05,-6.95575945798257e-05,2.5426778830601987e-05,-0.000687565856456049,-0.0003254792252952647,-0.0021573574030372376
1.700000046,13.296451295833043,18.553463048636743,-0.15736874231933956,-2.3516066798898443,-0.9048507409643594,-1.01491909542017,0.2499163767440596,-3.195177536172112e-05,-7.613973927587824e-05,3.158684838157787e-05,-0.00045200125394650987,-0.00021914180670039334,-0.006459404388189656
1.700000047,12.25791490745623,17.855355064558815,-0.3347994404974746,-2.2839022132009577,-0.9643031051823837,-0.7508276918237421,0.2500566289049238,-1.5108242274221316e-05,-9.061955939582664e-05,2.7085784322150537e-05,-0.0004578358064520715,-0.00025715382037735907,-0.003023693221555145
1.7000000480000002,12.256754772028964,16.94695276356927,-0.101338201998256,-2.2950416551972044,-0.11515837027172438,-0.780474703795117,0.24991656066105264,-4.165667304529454e-05,-0.0001185465691217843,3.971251350620154e-05,-0.0005063720184669762,-0.00037763902070947036,-0.008313295720803197
1.700000049,10.80525858200374,15.987007930817956,0.025697760740557754,-2.3152907024562417,-1.2236444659935173,-0.8516783737198219,0.24981119637628893,2.25988559264323e-05,-7.085976106777836e-05,5.106738633737822e-05,-0.0006680914955734691,-9.775718966160225e-05,-0.009911987187160673
1.70000005,9.300823919086959,15.001244868577245,-0.09953479875789345,-2.0359492033893285,-1.6389305241288212,-0.8882803757398217,0.2500277719964469,2.4711347513729837e-05,-6.082456816165157e-05,2.4923306344007743e-06,0.0002809690883922648,0.00023259986808257598,0.0009399325844640042
1.700000051,8.420101879921768,13.601329761461027,-0.20817298199222606,-1.841403240667013,-1.2600047671320282,-1.5005038612532462,0.25007936650159485,-3.122621488409516e-05,-5.880040796190811e-05,-1.5918024426438027e-05,-2.319829260196256e-05,0.0001689705299389662,0.004041478960819648
1.700000052,8.060756993632104,13.50555416763286,-0.24782701729923265,-1.383210515546155,-0.2654010663446229,-0.7862446818078079,0.2500969418532477,-5.6157156672926055e-05,-0.00011027559377892742,-7.755720863177157e-05,8.583965815652651e-05,0.00023011691769402745,0.0031209691306129856
1.7000000530000001,8.353140134327731,11.906826643703546,-0.14856416932214406,-1.4663664545897703,0.19467215195166349,-1.1167648815313025,0.24996621311282574,-6.509221560155444e-05,-0.00010819470645118382,-5.8335045247057935e-05,1.2200098770890269e-05,0.0011295694039518914,-0.0012213340836405282
1.7000000540000002,7.567430251358024,10.168001200762335,-0.152116217142989,-1.4189963967632067,-0.43398457389034406,-1.7366091953853933,0.25001053866446166,-3.4671790955043134e-05,-5.716701042182086e-05,-4.9620555668298446e-05,0.0001426638939825752,0.003425276036481192,-0.005626870812785454
1.700000055,6.4813366066746525,9.459980835212876,0.004564878351682955,-1.4690373680995652,-1.1625907267930675,-1.1516213880250383,0.24998967018279025,2.3283962787705098e-05,-8.81357789113251e-05,-2.581199913901724e-05,0.0013444236923129916,0.003067018484900316,-0.010713435536273807
1.700000056,6.097757547861385,8.468891147819292,-0.2001200962287729,-1.5362025350926733,-0.5984169442510557,-1.2157960803016494,0.2499982434361502,-1.2993919606995638e-05,-5.693265441394697e-05,1.1957569965671588e-05,0.0009146632206920187,0.0030187432182031274,-0.010630837975446776
1.700000057,6.466141029099344,7.25395155763119,-0.20662206440282277,-1.4708329070067279,0.37430516500049693,-1.2717464572715516,0.2500362747157847,-6.537846207150231e-05,-5.262881210607737e-05,3.633162740288004e-06,0.0006287718209707097,0.0029591431809508992,-0.014065378275451998
1.700000058,5.967789216171547,5.924741467846834,-0.4100064459654734,-1.4331266031445116,-0.1461918983507252,-1.3664308250687722,0.24991775321906373,-9.311888709412816e-06,-6.376572619607441e-05,9.803895483283936e-06,0.00026186711343486707,0.002518969616875966,-0.012451736540734434
1.7000000590000002,5.622919518195532,4.707051503266278,-0.4487750150364847,-1.4167225984516771,-0.2985422400012765,-1.2161805049647174,0.24997551520762426,-2.835556949861132e-06,-8.053163912696967e-05,2.4706601184220407e-05,7.270833917123927e-05,0.0030645270216816314,-0.01461104141757848
1.70000006,4.8386413737463245,3.7238918723855363,-0.20141123133519806,-1.4493675949746032,-0.7390568778452519,-1.0043299980493148,0.2499826924719229,-1.1509363343166787e-05,-9.542750263734384e-05,1.8129654321174447e-06,0.0004512946327229602,4.508475208194829e-05,0.0012528543065551505
1.700000061,4.907482326002289,2.705738227528122,-0.2798904623651127,-1.5261606202154645,-0.08972613518991612,-0.8674258144154788,0.25002540745455293,-4.510772546083768e-05,-9.420832103431791e-05,2.9152709186687177e-05,0.00032362549291578953,-2.188708401750998e-05,0.0023728941989839894
1.700000062,4.826306524088179,1.4828066229491288,-0.20250579357640014,-1.5395738065109268,-0.0882129761465868,-1.1227635679036665,0.25000916653490357,-2.33770208522955e-05,-8.141354537473851e-05,4.190399421066137e-05,0.00017540800244577096,0.00011514621622067915,-0.0015851168257659948
1.700000063,5.087119977500818,-0.2127553068744984,-0.08412167751461394,-1.300142357216003,0.31044988634396037,-1.8832889794885874,0.24999182611334428,-4.277127173773765e-05,-2.20544274313845e-05,-1.74952696844509e-06,-1.8622165282759334e-05,-0.00014673131414362592,-0.002086929948846608
1.7000000640000001,4.77522391765796,-1.5330220481477075,-0.09164216619078407,-1.3072192374961482,-0.013636169241587393,-1.6933519301220197,0.25000772080036754,-2.489886626846746e-05,-5.345370975858607e-05,1.4329347733840706e-05,0.000742723273793213,0.0004161313573562602,-0.004734507627872369
1.700000065,4.802303860457762,-2.6578779895364497,-0.17043962705342752,-1.23763931440114,-0.048279131935590594,-1.238084044303529,0.25002543969186863,-1.4386170777128772e-05,-9.226139906638061e-05,7.185335095334954e-06,0.0005040551608653953,0.0001738965356005429,-0.004528282295040138
1.700000066,5.2499207246401385,-3.7902475388097794,-0.18731598196943341,-1.2386858964396126,0.29916206393339095,-1.1528691338390682,0.24997778720674435,-2.58490302794637e-05,-8.282235436402636e-05,2.369513654155025e-05,0.0006322769967888591,0.00012974819384813061,-0.005304448550197387
1.700000067,5.651258669033264,-5.118140741323159,-0.2549576038678507,-1.2044914470061487,0.4956097120135644,-1.3473526036551802,0.2500060108687183,-2.770493231141644e-05,-6.319058860841573e-05,3.058606674776185e-05,0.0005949653610764078,0.00045180499447517244,-0.0061634048524544915
1.700000068,5.7885953372207,-5.883686751258232,-0.07045935823641389,-1.149156773798078,0.34156351445312466,-1.019868744149273,0.25001266844160924,-1.8835001318579467e-05,-7.763212390067782e-05,3.107265937133571e-05,0.00039655255491204426,0.00043937411531671676,-0.009169090192726792
1.7000000690000001,6.036312192203808,-7.611398552651425,-0.07162384818458134,-1.014310083257603,0.1456591496853507,-1.713269716018897,0.2500439455443225,1.348509568589196e-05,-4.9196448527172815e-05,-8.228270933433176e-06,0.0003490955233016539,0.0006469784982638324,-0.009367969505194088
1.7000000700000002,6.311081268145174,-8.79985361352689,0.05736366527845951,-0.8270863501715874,0.15605351545777674,-1.3445203112199529,0.24994548169720832,-2.6504717836475668e-05,-8.835328392027794e-05,1.561841106992311e-05,0.00017237718624013237,4.354769818540002e-05,-0.0006330517141586531
1.700000071,6.811639217840419,-10.03261828886817,0.03218308072597121,-0.8078196329422929,0.33147691813673524,-1.1942158842082582,0.24999709918988444,-3.4153527898280505e-05,-8.77783896399554e-05,3.2715761221892664e-05,0.0002394843751348078,-0.00016095558379783533,-0.0005358193088990619
1.700000072,7.417793930668819,-11.530806329992107,-0.12211456936955789,-0.7684554806417155,0.6099307843636068,-1.4817215979265734,0.25000793584728376,-3.6916683223622944e-05,-5.817744567057645e-05,3.713144437232737e-05,0.00037225229312451744,0.0002549543006443445,0.0009465446970764873
1.700000073,8.155285119904482,-12.81533515399631,-0.17483021294777307,-0.6765765651140685,0.8240708047132146,-1.4812330342087163,0.24998507671564307,-4.026428383064105e-05,-5.46916382482912e-05,2.8574962880400427e-05,0.0003434803385224754,0.0001600111691162748,0.0015297362760562372
1.700000074,9.002705526654019,-13.331424231797639,0.20082709068065407,-0.6730671429459922,0.9538482865527603,-0.7109236647179336,0.24989762490605333,-6.891206230758172e-05,-8.517994333047773e-05,4.0687465359993276e-05,0.00024100507033730534,0.00045692912550723407,-0.004362018606231028
1.7000000750000002,9.413566348672406,-14.703710592287017,-0.10470318261318756,-0.5753734388799738,0.6838462176724027,-1.1498984685262448,0.2499370612343783,-3.311872232871903e-05,-6.985595055477103e-05,2.9483963890182835e-05,0.0004361763380172531,-4.153725115669106e-05,-0.0002614003557851307
1.700000076,10.004635333667826,-15.446114978186053,-0.15976437519281814,-0.5445836490431544,0.6343080357596008,-0.9186335511332631,0.2500121648461408,-3.762281601559197e-05,-8.00081055587548e-05,3.619613089698801e-05,0.0004291321291525741,-0.0003774530527723716,-0.0003068896657734624
1.7000000769999999,11.303658300061972,-16.567081019295383,-0.016833667188816737,-0.5110724509444965,1.2367370945713316,-1.1166492026964152,0.24992607444839685,-4.351873812068333e-05,-4.798202896623741e-05,4.261134133450808e-05,2.8448475787971287e-05,6.42747654258662e-05,-0.004855543435374896
1.700000078,12.050546160113406,-17.321556864138863,0.20170917921412837,-0.4442793883892726,0.9727042482493639,-0.8723825240330142,0.2499043500445895,-4.312500292189345e-05,-7.217568538303454e-05,3.7958873808158505e-05,0.0005979649694908234,3.340210256382188e-05,-0.009399004287429538
1.700000079,12.616699029831546,-17.660018126782035,0.06835048022881077,-0.4471874052790212,0.6232401069338193,-0.29896198556176745,0.24997015422506783,-5.776364227100299e-05,-0.00010720063345305282,5.8527633765320054e-05,0.0007123691590233304,-0.00025147143890375933,-0.005762738156528476
1.7000000800000001,14.062313142224472,-18.761034262474418,-0.10290000107563956,-0.17462716082322294,1.2118125859822175,-0.9076622891227475,0.2500056184736642,-5.364096447728292e-05,-4.073308090164097e-05,7.490151199128112e-07,6.485536557310906e-05,9.276329447537312e-05,0.005185240599250927
1.700000081,15.056358704574517,-19.759538868703054,0.15463826636077665,-0.06719628796861155,1.2577298747336498,-0.9332653617131954,0.2500410839995672,-5.827467611999776e-05,-4.535209936551631e-05,-1.3539772838069027e-05,7.642612714189704e-05,-0.00011264813690335882,-0.0018337880582993795
1.700000082,15.83263733271807,-20.71914973895274,-0.07028575927307221,0.06434383210379682,0.785315695142245,-0.947640781158203,0.2500518877747987,-4.801102665797373e-05,-8.184768885466107e-05,-3.949828672159877e-05,0.00012777456360782235,-0.0002509163072444006,0.0005191724006373341
1.700000083,16.562097512776706,-21.544773880895665,-0.23465086440534294,0.10991329861718172,0.6876675614067747,-0.8972204573596352,0.2499795131867841,-4.8939355136200334e-05,-7.700603915455723e-05,-3.7346884479341985e-05,-4.254665593569277e-06,5.564380479618734e-05,0.002118053484970799
1.700000084,17.864337288197135,-21.873999039087636,-0.13135085467697413,0.13885300295300335,1.196677601964086,-0.37817167108139593,0.25000416113677637,-8.065876755805097e-05,-4.698972660684172e-05,-2.975694884866525e-05,-0.0007680400162831709,0.0001456511253067319,-0.0026005768453559934
1.700000085,19.266476818145016,-22.566656458976937,0.11524392286403748,0.14867446114846813,1.5154291613523942,-0.4135386032728279,0.2500578133223463,-7.389954211919358e-05,-3.516285866244389e-05,-1.4866807978040286e-05,-0.00033446437405086166,0.00025289853770393703,-0.007856073564178839
1.7000000860000002,20.378639307237602,-23.603171428746144,0.28011988250928055,0.18710530972020495,1.355239184254338,-1.0069086824496274,0.25003419332299287,-2.8956219285665078e-05,-6.294716126360367e-05,-1.0092885189070251e-05,0.0003845413397036178,0.0001543856530348593,-0.011545610301012643
1.700000087,21.034573838154653,-23.300357643874914,0.19980311230730238,0.09320305748035042,0.727903493601935,0.0008107331957716291,0.24998942905260552,-9.155877043568493e-05,-8.468513571531111e-05,4.867548476515734e-05,4.0475196579278945e-05,0.00018879819744512644,-0.009215020871373315
1.700000088,22.395404800099197,-23.886723047956778,-0.040744197889739764,0.14387960143035902,1.2041252067896187,-0.28329348610401484,0.24995569858128444,-5.6287801473526684e-05,-5.966053738888694e-05,4.739704729890923e-05,7.490146100362652e-05,0.0011345007969517837,-0.007143839600282191
1.700000089,23.48150171876071,-24.35278777415769,-0.06899362938154358,0.20808935543746498,1.1465867075212632,-0.27846431609856964,0.24994834921209905,-5.786800821919412e-05,-6.393891405793562e-05,4.2675647935389194e-05,0.00028307577572212904,0.0009715691316428212,-0.008910384089030644
1.70000009,24.88595584032262,-25.105311307766044,-0.01466111904431204,0.17474581392630234,1.4814954745761584,-0.7044375304801465,0.24995736762405552,-1.9496465765881183e-05,-5.466579149239582e-05,1.4707360039377831e-05,0.0003855287393497061,0.0004837189030659672,0.003377672379043014
1.7000000910000002,26.44921051630163,-25.04755840657621,-0.1680955518685241,0.37646390928470386,1.6421473341136648,-0.04136943367469348,0.2500794162364973,-7.065644875414189e-05,-4.604172408248495e-05,-3.915147609183512e-05,0.00018245456129321994,0.0003440195813431739,0.00420934440151416
1.700000092,27.286616288538347,-25.004337948299845,-0.38122437851830554,0.5686646123577933,0.9784627639989883,0.23479615163369105,0.25008289384522814,-8.823365504331457e-05,-7.480865762799158e-05,-8.773589729617136e-05,0.0002890700003607817,0.0005503771781114917,0.005324337018551918
1.7000000929999999,28.86436138730584,-24.860548005279718,-0.14672447883601364,0.6462406431175246,1.3659245186587612,0.3143643624464934,0.25011249818136,-8.194886151097882e-05,-4.9960547954954214e-05,-9.805062762829395e-05,2.6333762651688784e-05,0.001427954923246206,-0.0016078277081604756
1.700000094,30.062211040352288,-24.96631296565956,-0.028912597968001358,0.6079217291098539,1.30854278140018,-0.030623444110744913,0.25010534810800533,-4.737760997831745e-05,-6.52260984614761e-05,-6.41813442721004e-05,0.0004668668373115749,0.0017906986738446336,-0.005309620643685911
1.700000095,30.980810002262583,-24.770423885266503,0.04392171829030057,0.6278213656766751,0.929828536301889,0.1474440874097736,0.250032514406329,-6.62931045642191e-05,-7.832753860412901e-05,-5.168732681006958e-05,-0.00012390290417117278,0.001472137236461057,-0.006996313383001816
1.7000000960000001,32.21984092423115,-25.24713854286786,0.08255888669228764,0.6920118338181953,1.018639759141843,-0.2649824974669908,0.25008614797641304,-4.890171308999311e-05,-7.640179543919201e-05,-5.7247860595012194e-05,0.0004588193194612767,0.0014325824460053752,-0.007215126882770254
1.7000000970000002,33.83890776258268,-25.023552927920175,-0.003386079724584587,0.7599303710972197,1.4143885929318,0.14123140457264594,0.2500370771000461,-5.7698847025269736e-05,-4.1935912854891535e-05,-6.815063248425559e-05,0.0006364840595651654,0.001711270592795802,-0.006536586742724889
1.700000098,34.67297470277347,-24.328082687334366,-0.06438853434427642,0.8779397325278335,0.9057647054351036,0.7006933224029627,0.25017130518928776,-9.575353663997678e-05,-4.8516720065320197e-05,-0.00010137122512181401,0.0007936277699279726,0.0016398069278186532,-0.006869127554831516
1.700000099,35.770949153137146,-23.981534733463107,0.045021908187683535,0.9710483402534286,0.9145656345198829,0.5119936604748929,0.25014492098294333,-7.233160411737054e-05,-5.7479303039654984e-05,-0.00012457464504430163,0.0010647943821071948,0.0015851146350861478,-0.009502030615339007
1.7000001,36.93689517256979,-24.12911438120409,0.28280434985341174,0.9303071235064894,1.0483090432094975,-0.13319561274527913,0.25003865887395027,-4.674239069856696e-05,-9.512393459807251e-05,-1.01976856599394e-05,0.0008531960620374703,0.0004482645240256992,-0.0033916809546139697
1.700000101,38.68597277329911,-23.60526066249546,-0.029096568010813062,1.1999709320100482,1.4968091832674288,0.26369361220544923,0.2501398962981752,-7.651616511373957e-05,-4.338206758240437e-05,-9.521901844185642e-05,0.0008762637415263425,0.0008924484301158647,0.001688987067002515
1.7000001020000002,40.405244330323335,-23.559468159229475,-0.21286080661162993,1.021811128044578,1.9146788304102227,0.36333295308490293,0.2500308595693343,-4.7838518542143074e-05,-3.612353498002559e-05,-4.390455584409476e-06,0.0006569864275734378,0.00119857667429686,0.003972652740982253
1.700000103,41.41244932920289,-22.508232994712234,-0.2355926864554771,1.1275608863409017,1.2930187420713006,1.0399103655095576,0.2499993692008679,-0.00010187273682396949,-2.8815929539270582e-05,-2.5967737708520072e-05,5.317030174548641e-05,0.001006785827148204,0.00224807129227901
1.700000104,42.231417599951065,-21.72062038224826,-0.1479908899183776,1.2597417367062875,0.8627453539074048,1.0342006965032255,0.2500402916266479,-0.00010806846400422435,-4.300430327855911e-05,-5.985453596620424e-05,0.00039554159889194874,0.0003344248508330667,-0.001678047583369674
1.700000105,43.37179898543334,-21.629059585441247,-0.23330471843555098,1.3458310663897295,0.9388223341441975,0.22239203939640473,0.2500376253441514,-7.606437805755668e-05,-8.81329554224698e-05,-7.84447870380477e-05,0.0009200734082696098,0.0004297016196726349,-0.0029924513682935004
1.700000106,44.36376941066516,-21.088197930608857,-0.04434584145852183,1.4694639194398047,0.8869461636806457,0.36543084279467936,0.2501055478610438,-8.722802683208511e-05,-6.893994120230063e-05,-0.000110664324804079,0.0001554735771751584,0.0010686100505570778,-0.008113640789352916
1.7000001070000001,45.279668777771775,-20.28023370387773,0.19086311215408763,1.5395468741892957,0.8751691471641821,0.5774761855797058,0.25020142864210454,-8.755182456622506e-05,-5.482782709334185e-05,-0.00012086779050639726,-0.0006431019307389137,0.0015809840610894541,-0.012880447148496146
1.700000108,46.48723245775643,-18.93807889063791,0.14375985639083771,1.5742034632994069,1.055375871664551,1.3161323695793394,0.2501477821346695,-9.136645609277168e-05,-1.1623787491764025e-05,-0.00011218743661079133,-0.0004840188488771204,0.0022962053444216058,-0.012534264860576894
1.700000109,47.413959762805966,-18.267607190212207,0.04728651177457793,1.6230200940778916,0.919254317624541,0.9432817027615704,0.250052699676393,-9.683169908833129e-05,-4.907311924384168e-05,-0.00010936506302347852,-0.0009029998459267642,0.0016955167667403646,-0.010897775084690857
1.70000011,48.20296970029999,-17.18778604471923,0.13997542930821794,1.672622033259134,0.7250801270044924,1.0432567706781202,0.2501109761057174,-0.0001012601801991744,-3.992110990642387e-05,-5.695648833747755e-05,0.00015036427720028838,0.0005328849262227627,-0.00013981080969850158
1.700000111,49.44242634471736,-16.39908798699064,-0.03733135240819613,1.7502036789571105,1.159680658799372,0.8573590589328599,0.25004464678957644,-6.329221770663401e-05,-5.3700505779496346e-05,-5.079289144973428e-05,0.00032022951187059273,0.00024312781321273792,0.004102738789456833
1.7000001120000001,49.97211948168885,-15.419726141618954,-0.09433004389092295,1.7297841921486756,0.6280638808416517,0.969077076700701,0.24996418588599878,-9.856542153584378e-05,-3.9450088424520395e-05,-1.865038953229564e-05,-0.0002285857616459122,0.00016173295330015284,0.002539045770966511
1.7000001130000002,50.33304332012521,-14.797451998141774,0.013208011560147864,1.8010898796151493,0.28936994050359344,0.718348016742207,0.24999218888656083,-0.00011083979097841527,-4.821185880654865e-05,-2.800586290508411e-05,-0.0003218570559646799,0.00018256307093821966,-0.000207652993900383
1.700000114,51.0513161422759,-13.578142851680543,0.12207521723385067,1.8375347787386895,0.4991799057860364,1.1676047463574182,0.24998072037256538,-8.283749045702067e-05,-2.5541706712779e-05,-2.1599687449620772e-05,-0.0002666754095429633,0.0007772736221890921,-0.0033721709000254004
1.700000115,51.85853612560624,-12.254993132729313,0.05537759113163998,1.8331354102486825,0.7392064878685715,1.361938242631533,0.2499274609115697,-6.725207803146024e-05,-3.443541742568611e-05,2.6080654008658137e-06,-0.00015610038312449976,0.0007186234614968354,-0.002684063413012405
1.700000116,52.37626977737129,-11.148555913394844,0.39382266760427054,1.8617958250447473,0.6225669607537265,1.2438087494798944,0.2500512127073407,-7.467936833572511e-05,-4.466428297147377e-05,1.2415835533297881e-05,0.0003229409094895391,0.00014768498253424085,-0.009743765031108971
1.700000117,52.9960276134365,-10.230743556303059,0.24894203085565084,1.889717177174728,0.5371590191787364,1.0297589743659632,0.24999846431586137,-8.5540662917691e-05,-5.190865346704031e-05,2.564647209030014e-05,0.00028578363919611196,-9.901303774477357e-05,-0.00665513165443628
1.7000001180000002,53.42817424462482,-8.724900068574852,0.08638644810569282,1.9252479159741476,0.4288313215391768,1.4652293238644662,0.24996988043038296,-7.520265115991928e-05,-2.6460189901999288e-05,3.254490139879323e-05,0.0004624147709286952,6.687461401558916e-05,-0.003739343189437959
1.700000119,53.42489541785108,-7.949291747084457,-0.32016725320247486,1.9828442878000965,0.08134621508248935,0.995463016902726,0.2499840496292113,-9.549481092811004e-05,-5.590832050351889e-05,2.843249426661832e-05,0.0005561082275312511,7.802234521624806e-05,0.0033576190331520033
1.70000012,54.244911523035086,-6.889758420731536,-0.10635298014438593,2.0106790411442583,0.5042947313696264,0.93097914972854,0.24996941174854373,-7.952327552258073e-05,-6.6815913089121e-05,2.810395819428292e-05,0.0006021577013494205,0.0005272087688744079,0.004111668340138377
1.700000121,54.597322379230775,-5.427753917120679,-0.06026117931182087,2.1981756957750096,0.41056614630084615,1.2136447418858813,0.2500113425800683,-8.592971275253327e-05,-4.070770961935418e-05,-4.0549269145123744e-05,0.00042860009731562475,0.0005722562752143464,0.0022845601022781926
1.700000122,54.55837251235072,-3.968314665818351,0.05943186717347168,2.2794371132159617,0.002292346764370179,1.4268095334142026,0.2501398310052761,-9.859445305070574e-05,-2.201076512160461e-05,-5.689766503774433e-05,0.0002682924507073719,0.0002280789297548694,-0.0006563090462720737
1.7000001230000001,54.38421015358624,-3.0456045259529447,0.01417547385214691,2.3705557665708534,-0.3329298362105457,1.0873102873683946,0.25007316781120525,-0.00011866446908795973,-2.9970380421696788e-05,-7.492447218005515e-05,0.00011307458443177764,0.0002709839044676366,-0.0004051974431506933
1.700000124,54.25496337227552,-1.8962881241272698,0.20764113418801805,2.4315583502282347,-0.49840512622567773,1.2928694606034017,0.2500843862667883,-0.00010517647856092259,-2.910932160826024e-06,-7.306805963299322e-05,0.0008713674729347262,0.0002978425723534042,-0.003454674169597264
1.700000125,55.20330452568517,-0.0972808856854524,0.30062469501273575,2.5670199468264476,0.4628585380180419,1.8229252795700677,0.25014302641927133,-4.3040528273060246e-05,-1.555297294220189e-05,-0.0001107469992221515,0.0025306635212720766,0.00017463615861529027,-0.00615865939299258
1.700000126,55.34070335901494,0.03612600479487815,0.13758648835551388,2.501614435219906,0.24499612651329877,0.8537795349723085,0.24997005834807604,-9.859936027952556e-05,-3.445296770506033e-05,-4.464482355619107e-05,0.0016727906466050555,-2.7121086373972116e-05,-0.004899148248787362
1.700000127,55.47809138022506,1.6303118303902013,-0.18961011429095892,2.3680784210781267,0.03246484669424929,1.8217980634073878,0.24991345698818276,-4.162319882002212e-05,1.5371975423629359e-06,6.067677752699865e-05,0.0025212988027424597,0.0016679684459936417,-0.004315800617799741
1.700000128,54.98556229063519,3.014275541528231,-0.27495802504052963,2.4701735761963866,-0.536394831777062,1.7232364928147108,0.24995077780186187,-7.828535652714356e-05,3.4009599382109903e-06,3.060738106474253e-05,0.0009167454669261855,0.0020627189137208362,-0.005343879181424055
1.7000001290000002,54.80673395894579,4.189427025767103,-0.20636741113867346,2.5197776306985427,-0.4373841542460563,1.495403311725064,0.24988779377048528,-8.346612462576497e-05,-1.769076955069789e-05,3.371242889165606e-05,0.0009034429668535951,0.0024262286696245276,-0.00820829329266422
1.70000013,54.08061322238339,5.849283845110636,-0.10432587643750207,2.589399136858389,-0.8406031312813809,1.9305284087796206,0.24994807919371115,-6.60001133201958e-05,1.141247498109902e-05,1.0116623028392948e-05,0.0002916527888846977,0.0007748308958588014,0.0031221409123215298
1.700000131,53.9708675317122,6.808069276271894,-0.12959105343195498,2.562290251609897,-0.3953922769572179,1.5360945996514617,0.2499489530700638,-6.592230050233509e-05,-3.459280853212712e-05,5.238933878789298e-05,-0.00037822606244825084,0.0003622425644255423,0.003832246417220334
1.700000132,53.974357700095055,8.320336019658667,-0.2291008503683434,2.691144345854326,-0.2840138974360732,1.6424617365382468,0.24996196596223855,-6.565552151236629e-05,-2.6309423388579772e-05,1.4853666329309994e-05,-0.0008714161457163271,0.0007180602162009318,0.0029222627664670037
1.700000133,53.56625138313187,9.359371291397736,-0.19983211813145063,2.641902850397034,-0.2731658157217033,1.4490625338328669,0.24989698173939767,-6.950844037257399e-05,-4.128847359552748e-05,6.449720670349293e-05,-0.0018335801561502067,0.0009129985433422198,-0.00028259919950537156
1.7000001340000002,52.46343295039746,10.076061225861018,-0.06664927712216764,2.7382349803700747,-1.1282318631467512,0.7994100810671114,0.25001248368789963,-0.00013200258281587226,-1.600801591101464e-05,4.335359801428131e-05,-0.0034002414173201563,0.0014116204823984102,-0.0037389845964163684
1.700000135,52.52067625415357,11.80966474398672,-0.2062107577681447,2.6766112482194893,-0.22198747987422274,1.6499588091034294,0.24989310643732368,-3.71880245274109e-05,-6.471058625952633e-05,0.00010452323426139642,-0.0031861727769203004,0.00043392143048718765,-0.0033953975631565124
1.7000001359999999,52.016879148628504,13.03940391388133,-0.06970473182265108,2.7232886188844403,-0.3702227852579286,1.3378501222379917,0.24992688344005579,-7.162890164002736e-05,-5.736231327604957e-05,0.00010792367530245498,-0.004341937417386358,0.0006738781295632665,-0.008264918257345667
1.700000137,50.94332364478525,14.084724073295954,-0.06168918325496002,2.6853422213242077,-1.0862885731799075,1.1761690596333603,0.24986305391283106,-8.910322696872409e-05,-1.3258788133585623e-05,0.00015855527919990788,-0.0053437338577234025,0.00014768757713950944,-0.010316654392370821
1.700000138,50.22743302629001,14.8250687509246,-0.06382435121915066,2.7597352369151875,-0.9299216489483059,0.8086392070730197,0.24986626987669847,-9.34362755601537e-05,-4.447215095043958e-05,0.00014169791117519466,-0.0056802478427122344,0.00012909465987790054,-0.01143626226654085
1.7000001390000001,49.480823633699124,15.588805880041262,0.20091784857155043,2.8035155994249523,-0.8476304792953098,0.632312738796094,0.24981807361199282,-9.551171701921049e-05,-5.3901019681481716e-05,0.00014663482971501678,-0.005376406519212347,0.0005472352336145154,-0.015221384930474828
1.70000014,48.82900992925179,16.673952797094767,-0.06211105427920163,-3.0579961836706815,-0.5560938171515761,0.8181492379360935,0.24988534703192072,-9.426115642019992e-05,-3.417345020700166e-05,4.098644756977039e-05,5.3945438434901787e-05,0.0001406679452476793,0.003927823326685504
1.700000141,47.545627843451975,17.925179373518333,-0.20981067265961928,-2.908186725502512,-1.1122387776694413,1.1878906068590722,0.25001129711236486,-9.951776930065102e-05,3.4081179890968645e-06,-2.0009865954389275e-05,0.0001894490206486324,0.0007680298644459747,0.005888225501547899
1.700000142,46.69458554093093,18.569783885447457,-0.2252576225867251,-2.8585547594513825,-1.141348586451175,0.778466057194942,0.2500206561747802,-0.0001227551731780219,-1.712320286339333e-06,-1.89925301085715e-05,-8.459027485534335e-05,0.00044445255777841115,0.003595685946895391
1.700000143,45.56482160989045,19.68377496522076,-0.0029738869091965325,-2.7842379923521423,-1.2335131912088062,0.9660093162167626,0.25001845221424923,-0.00011712867352263065,-2.9090813742192234e-06,-3.376235910784539e-05,0.0008782311870863546,0.00042925914843447324,-0.0016772103590041612
1.700000144,45.086587044813434,20.533760071745768,-0.05079645278940322,-2.6959831074801843,-0.7170709991170766,0.7881504152032459,0.25007789726170765,-0.00012694554075373226,-2.7206952215420537e-05,-5.3408673960869075e-05,0.0006502784231568418,-0.001212565655596064,-0.0015599805002440032
1.7000001450000002,43.68540608531748,21.15343704983996,0.11305006896951314,-2.6699698725274748,-1.3334726368670862,0.5638703013225494,0.25001534821068666,-0.00011900184757626976,1.4072030861501102e-05,-3.604235094638657e-05,0.0007988632556687001,-0.000588193298826131,-0.005666062792255094
1.700000146,42.62253292745347,21.65016570374879,-0.006848074800709342,-2.5831744096242253,-1.1380095454365025,0.36620774749707724,0.2500150401041984,-0.00013572420885137626,-9.643752717978455e-06,-6.1000448389062796e-05,0.0013884880104524868,-0.001005456210748352,-0.002896853721665246
1.700000147,41.68733727535609,22.31392501974456,-0.19428672747997766,-2.5483897997945473,-0.8989793530356462,0.5145550526102832,0.2500281328759362,-0.00012689517489109298,-3.254583236781837e-05,-5.246336562856751e-05,0.0016170486300062508,-0.001905739846377613,5.056238422991837e-05
1.700000148,40.48390196760908,22.769308483987828,-0.1620901478103127,-2.5066190289188652,-0.9863883242957947,0.4249877374464762,0.24996673817170542,-0.0001282525121414375,-2.707659375262099e-05,-4.855716303764544e-05,0.001690986821661874,-0.001646342502792002,-0.0018321705981333637
1.700000149,39.72151403595003,23.0884376037807,-0.2798100098921059,-2.429211627538467,-0.5985020912003479,0.3038629106519304,0.250083292256636,-0.0001450614397702275,-4.4606083370478936e-05,-6.923678694798308e-05,0.0017893591263980354,-0.0020118059981214464,-0.0002718767057890404
1.7000001500000002,38.738665110347014,23.595131915795623,-0.06366481999515561,-2.729275374192185,-1.0739195450358854,0.2932351006871411,0.2499081560685426,-7.735255477022061e-05,-3.505588434736713e-05,3.623595405498388e-05,-0.0005120943328597385,0.0005943506528459353,0.0003500125556030521
1.700000151,36.94656038734102,23.956578588770736,0.0906067516656535,-2.6043445279902904,-1.742260408888816,0.34470678557553247,0.24993757094410096,-5.51237552594018e-05,-6.507022702119028e-06,-1.3683785766240497e-05,9.296888113551982e-05,0.0002968859032530517,-0.0027279351956846993
1.700000152,35.92108796757478,24.747675196696676,0.12912962338103925,-2.610741820257263,-1.263225949883751,0.7141145647853242,-6.55808663657251e-05,-7.737162150034561e-05,-5.551479192356158e-05,1.972514079532867e-05,0.001396788959115504,-0.0001770629373668602,-0.005469448240394173
1.700000153,34.714332813449346,24.621110356822136,0.163881137024966,-2.747711740536972,-1.3576575115856204,-0.01088818877467046,0.24992364937826697,-9.85650437151635e-05,-2.259944556947365e-05,0.00014268488100329993,0.002343461441193331,-0.0013080855880612105,-0.007042131464938053
1.700000154,33.77849326456559,24.649901682803662,0.07947668362207,-2.5537495752556123,-0.9716013735159331,-0.346544164285389,0.24994278404721823,-0.00013061072759864157,-3.085978405930447e-05,5.3494083561056904e-05,0.00301903774601556,-0.0008391962697537638,-0.006526950652692322
1.7000001550000001,32.425764535124266,24.58686251955232,-0.0012249059535915097,-2.4523912409179083,-1.3563492611677308,-0.17749249252751997,0.24997850396353974,-8.215920457524379e-05,-1.4970421058419092e-05,1.726614279619122e-05,0.003222523233041796,-0.0005728630739053182,-0.00802853383697081
1.7000001560000002,31.087591905530946,25.08211893528903,-0.11376078762409873,-2.4999405364151617,-1.5490487584045978,0.5777173127567542,0.2498791429352389,-2.941453693819278e-05,-4.261567764285272e-05,8.077338323456228e-05,0.003512588338637923,-0.0007321537218330594,-0.008230622464078307
1.700000157,29.46869909432089,24.811459498502106,-0.6422505866022119,-2.4441539133390355,-1.6968359823486825,-0.11656917035238579,0.24995457658026363,-9.242855798971615e-05,-1.434832166403508e-06,7.825914032675564e-05,0.003477967002276375,0.0008802735393347589,-0.0011420258679727619
1.700000158,28.927867214653872,25.264745917430513,-0.3675473191822496,-2.3001516455097937,-0.697918413886977,0.2058253971580799,0.2499722760083376,-0.00011196474711197141,-6.114081118389123e-05,8.185293181231588e-06,0.002970542672048369,-0.0008112913743896842,-0.009023864708740174
1.700000159,27.019809796600736,24.9048938593383,-0.5027308508035048,-2.2752111810777356,-1.5429678156385875,-0.21695967595034554,0.24994746671573018,-8.502379581591562e-05,-5.496173314801756e-06,2.4176609137721194e-05,0.0030603006732832227,-3.0563308151932084e-05,-0.010302261276287361
1.70000016,25.779895979878834,24.80045037441804,-0.2956030999805262,-1.9518068443581535,-1.0833794567696473,-0.2669533076433125,0.24978680641047546,-0.00013581785391655887,-1.879155945384438e-05,0.00012096822524903703,8.026711244882431e-05,3.6908480377014364e-06,0.005469117039572036
1.7000001610000002,24.860767733199,24.583034408624606,-0.45873064064047936,-1.9163758802656043,-0.8411900910934005,-0.28925094770221893,0.2498585638706508,-0.0001369781813747892,-2.422818588841937e-05,0.00013116333356507438,-0.0001189233577880947,0.00040836379369955944,0.006607777262128441
1.700000162,23.618239376070992,24.22376382912162,-0.34656781825317917,-1.8546409909907278,-1.1190687940204755,-0.3781489861599553,0.24992088594170778,-0.00011370508909797352,-3.3447759723285482e-06,0.00012342704937449915,-6.455849735357635e-05,0.0012349174361199985,0.002489344118458639
1.700000163,22.367580094593205,23.890343016136274,-0.5018060236196059,-1.8390445142965417,-1.276033887406907,-0.35273929891216527,0.24993411981384867,-0.00010461106402506779,-8.466333477840662e-06,0.00014598356361133583,0.00029388977763232055,0.001194112605906911,0.004850236256569607
1.700000164,21.006646610157752,23.235575726634373,-0.5134703009814012,-1.7656026306570791,-1.442113329306788,-0.6170286841541119,0.24991662040240686,-0.00010127504766365813,7.86532540889151e-06,0.00013021640513432886,0.00015178608441260614,0.0014935364888466452,0.003143892735853204
1.700000165,19.872845546886843,23.056688687094734,-0.7027582486868411,-1.6668862570303349,-1.146155820209744,-0.29882560263655866,0.24994611203302886,-0.0001249156369378187,-1.9492208203490722e-05,9.740357174587748e-05,9.038648073396015e-05,0.0009101222761070141,0.0043510160770501944
1.7000001660000001,18.52356907434621,22.874670428977815,-0.41545907309845986,-1.5791660244817673,-1.2787941973036374,-0.15723765402614226,0.25001679247812075,-0.0001163456197747634,-1.771474388455501e-05,7.150531230566736e-05,-8.270109544451527e-05,8.210476247488179e-05,-0.003338016583242745
1.700000167,17.635028446934697,21.877498382530096,0.09018024932630475,-1.5330769594931164,-0.7539245558526791,-0.7564593995403497,0.24993889178143125,-0.0001588801923135917,7.92413587062537e-06,7.127698333208969e-05,-0.0016342663853385925,-0.0004785378439138482,-0.011614124196610866
1.700000168,16.76811586332874,21.69848055148676,0.12932166763794486,-1.4952049490287376,-0.7155589644906686,-0.28678905794644205,0.2499617609154792,-0.00013843149591408476,-2.7149714100819754e-05,7.921908115779948e-05,-0.0017385743574855961,-0.0013357190267510757,-0.011742064848757493
1.700000169,15.936059568482527,20.367253274098676,0.11358665481154849,-1.4132396710303683,-0.7371007618028724,-1.1004678171019902,0.24989775566161376,-0.00012992021889323525,2.4409516337016572e-05,5.511363399505496e-05,-0.001666356363024062,-0.0006008394206964798,-0.009980869120592248
1.70000017,14.798788262646992,19.94727004320555,-0.1273041156203789,-1.704421760340426,-1.2473753435666186,-0.8715361424836365,0.24985742266996727,-8.520067965830705e-05,-3.34744624426958e-05,5.4612102461161136e-05,-2.88149005734685e-06,0.0005126776183037504,0.0007237171686341679
1.7000001710000001,13.470338728861993,19.40148676214627,-0.3233654719631075,-1.7569615317447251,-1.4001740061182286,-0.5716878408724644,0.24992502798645258,-8.693208375648933e-05,-5.560548382699179e-05,0.00011825187533674207,-0.00021571823296502663,0.0003374489812497507,0.003787594364623594
1.7000001720000002,12.58840133810822,18.05346704181599,-0.3130778763081883,-1.7760100875322153,-0.9794920235800725,-1.29260111455805,0.24977029183851143,-0.00010722887268681178,3.7324808212724905e-06,0.00016857590427712753,-0.0009234302075717125,-0.0007198163757760273,0.0003614892437606987
1.700000173,12.294971233824677,17.553524883896227,-0.26295098381853954,-1.5777575677348388,-0.2879768928714682,-0.7803575057273613,0.24995661851985412,-0.0001341557124429849,-2.512359068924678e-05,6.013043003733492e-05,-0.000700161652115655,0.00022770976667844164,-0.0018003026611734152
1.700000174,11.43423270243782,16.275113300201326,-0.44234003010572603,-1.47035330790646,-0.7350725952024638,-1.1579515077429225,0.24996096881959823,-8.838514180023476e-05,6.519625489892536e-06,1.687241403555661e-05,-0.00197442113871447,-0.0008100237135506407,-0.0018530667447454613
1.700000175,10.109171071663019,15.854647411144915,-0.32517277951517254,-1.48483374041523,-1.2138582145805836,-0.5527641316148827,0.24988218718229382,-6.7149864071643e-05,-3.998731189298093e-05,6.416303379741962e-05,-0.0032853898260380016,-0.00015501246284369062,-0.005695046149798292
1.700000176,9.349434297654241,14.865655976958038,-0.19480734878620426,-1.4045390630586654,-1.0046262769561523,-0.7394964367924277,0.24988409229442402,-8.325603121168285e-05,-2.641441116976183e-05,4.041018821322095e-05,-0.0038825695198412427,-0.0004390346173156099,-0.009255578955362465
1.7000001770000002,8.580420929082909,13.053751621729166,-0.16029957391139815,-1.4107484238792933,-0.8350352708258704,-1.7179884679837687,0.24993227170807733,-9.23564968188433e-05,3.3486089843512415e-05,8.514535265050804e-05,-0.004479703513319409,0.001315269553675925,-0.011396077556054086
1.700000178,8.360924779659948,12.160452560085888,-0.038516197272433855,-1.2950728002919178,-0.2481884352792353,-1.2769989966868531,0.24999278199705,-0.0001260386806821463,2.1704249417048925e-06,3.142622272356879e-05,-0.004148483782061782,0.0002071213584626723,-0.014710125745420424
1.700000179,7.56038959881022,11.42200418682205,-0.1391949589009636,-1.1964561825393387,-0.6129365980315478,-0.8438897089509204,0.2499517395525213,-9.310140004497213e-05,-2.678440721479016e-05,-1.0602433014056805e-05,-0.003517003633050918,-0.001322411787251866,-0.014159298837965685
1.70000018,7.21140304437186,9.930895826806445,-0.0023334848560470356,-0.71763214991511,-0.47179839434738635,-1.3414465753449365,0.24992018354158843,-0.0001340872274631045,3.214292737608708e-05,4.3510385270518445e-05,-0.0005835736232992646,0.00029131226902366094,-0.0003735651585081972
1.700000181,6.360414893443355,9.015370332471958,-0.1281137426888799,-0.7044863424843881,-0.6729414292605501,-1.0325759352753925,0.24995937124237108,-0.0001311422932988668,-2.0386419143982737e-06,6.285340990233486e-05,-0.000500849949275227,-0.000134230823117137,0.0015307759332532974
1.7000001820000001,5.896134732563605,8.087558069621386,-0.16831764009246405,-0.643968744086304,-0.5161548845321864,-0.8912776896296417,0.24986615015237282,-0.00013866830833213022,-2.131762627472138e-06,5.468610478914451e-05,-0.0005670326851919804,-0.0003307298383234471,0.002150712110903477
1.700000183,5.6978435091600925,6.4841010057064485,-0.06944719231000956,-0.6138462531372916,-0.23654700282670044,-1.4160158009190915,0.24998398191071983,-0.00013341885001888802,2.72266210827415e-05,6.81512631149765e-05,0.00036864426616283266,0.0018565355416984577,-0.0008828024981585936
1.700000184,5.450854670659625,4.92833471150533,-0.026687210370846322,-0.6456793412087949,-0.203748853077882,-1.8144869740120506,0.24992810076629027,-0.00010596084575223236,3.0495450436786982e-05,0.0001312387103853709,0.0011491731002576193,0.0021761819970338,-0.002786143412928936
1.700000185,4.999929577107589,3.4393499438413464,-0.28003475903348846,-0.5895158216218971,-0.43437876284929533,-1.7360231726669637,0.24990561244327372,-0.00011263223225237375,2.6446162921099867e-07,0.00012689949577030012,0.00028186824572723024,0.0018466431873823534,0.0007100198849884021
1.700000186,5.367968239720715,2.8277141175265292,0.0769499337071487,-0.6069734202612268,0.05859422959002314,-0.9617777106750752,0.2498460235579479,-0.0001635638218401875,-6.075208383884213e-06,0.0001794450877138638,9.562857338677982e-05,0.0009138432150301625,-0.007894488545385318
1.700000187,4.6649501236719235,1.4342274285793275,0.18349023889355098,-0.5219485160264827,-0.723365261223598,-1.3885794017495088,0.24990842673738928,-9.841851312338232e-05,-3.2369153594621865e-05,0.00014747725932546464,4.5436563207565976e-05,0.0020802782430161975,-0.011270835139708574
1.7000001880000002,4.879367829946274,-0.02382214558262704,0.05408209604559333,-0.42085484388883276,-0.13236480078487578,-1.6132481196677158,0.2498082497576492,-0.0001224691752767405,1.4395515861087822e-05,0.00010485654164275457,0.0008549460334559992,0.002737649721142928,-0.009671724926218667
1.700000189,5.097631639236893,-1.285753868001847,0.16555452772199056,-0.35388089738534206,0.14725963688887772,-1.4412146163410016,0.24988440998168973,-0.00014194258697293712,1.6429764109941442e-05,8.987427085477257e-05,0.0009260275039681187,0.003008088082286798,-0.012045692529087323
1.70000019,4.893436468015142,-2.372225113444536,0.2667405921251279,-0.46720131573158175,-0.2067600936527878,-1.24287138030513,0.25013834376397726,-0.0001157116231419342,-3.65408347879442e-05,-0.00010910150300056455,-0.00018195099349001254,0.0010785341751814229,-0.003134157382721601
1.700000191,4.976427050790038,-3.617401712120785,0.16326539683731947,-0.3058363680845508,-0.02749729180262306,-1.3292005362316228,0.2502117992500252,-0.00010703965735493848,-8.745933621061217e-06,-0.00019383617288478935,0.0005052436582307436,0.0010510534906990531,-0.0009138430397891448
1.700000192,5.0755516912006815,-4.822580001125234,0.06863154069878497,-0.29101809400037826,0.034824532265813495,-1.2838770549910212,0.2500724228193059,-0.00011198056892089098,-1.2147956301287172e-05,-0.0001678519858701316,0.0007239307900454743,0.0011675630339950597,0.0003618938160533439
1.7000001930000002,5.309958532006913,-6.041829451121939,0.25985816686677976,-0.22662458135828134,0.24145966249388387,-1.2807790949170637,0.2502051986581732,-0.00011545737995054938,1.0113491115685784e-06,-0.00017813245561286732,0.00036681261192327155,0.001329050358719424,-0.002975793445786072
1.700000194,5.684362464030311,-7.196724067317888,0.21051861623918722,-0.16709517096474433,0.3424547270408099,-1.2769396795658194,0.2502058139209176,-0.00011091019352135447,-2.9228783637172658e-06,-0.0001863306498948846,0.000820847618684053,0.0014052708672611068,-0.0017947816573805795
1.7000001949999999,6.360706979479882,-8.577510365270285,0.09154474408565769,-0.10552328791745252,0.6903903433914825,-1.4557700081197285,0.2501671641608881,-0.0001046033613334898,1.5866408697396103e-05,-0.00019440834946774164,0.0005348537932431795,0.0011926223281011766,0.0014352877334131845
1.700000196,6.635945153691,-8.99190836849038,-0.08910204576658194,-0.014858544683606128,0.4120733196170874,-0.501157226556713,0.25029259731706993,-0.00016538182191485414,-2.291800018270319e-05,-0.00022800403990155756,-0.0004402469525983193,0.0004942423295878956,0.0038222650974808524
1.700000197,7.2737450920796975,-10.860280099018135,0.1678795158100748,0.09961206365049168,0.6356093762420212,-1.4492471717890711,0.2502392460424076,-0.00010318198443756472,1.1653401737086758e-05,-0.0002767852179586142,0.0009640850824233628,0.003326353620137861,-0.004043907261911127
1.7000001980000001,7.73678477405315,-12.160714423445956,0.09193813340581627,0.07707940541542496,0.5570862195144748,-1.434882350283359,0.25028365717911094,-0.00010859261980045402,-2.646796076239288e-06,-0.0002201071220958772,0.0010790538774769274,0.002551532529348079,-0.004170109968249943
1.700000199,8.129717834360857,-13.280983906183916,0.1431981113057405,0.14620823832319077,0.37233426691717425,-1.183468876993996,0.2502386531477178,-0.0001281665976843072,-1.7058724793917136e-05,-0.00023587512929853014,0.0006131286252859205,0.002095705782230306,-0.005752654093862679
1.7000002,9.262406881478418,-14.178109614457362,0.142120061525042,0.40522013265241974,0.9177076027384385,-0.8421174193750248,0.2499763129942079,-0.0001660233663619761,5.650629722989877e-05,6.2050356677717e-06,-0.0005058862951357602,0.0017035674711462355,0.002839997817705506
1.700000201,9.927666247056534,-15.287807811172529,-0.38537849865541396,0.4657604578652886,0.699333771018326,-0.8863625874537129,0.24997074457672172,-0.00015301001627809522,2.251331734306597e-05,-6.29457015072181e-06,-0.002093186365568251,0.0006085112702356851,0.011223746051959175
1.700000202,10.935680039843376,-16.14117012702437,-0.08654887056251409,0.5599039044314468,0.9807017299849101,-0.7937970532728066,0.24997481433719235,-0.0001493161753377389,4.932021777808633e-05,-4.063326690306026e-05,-0.0009388156484281317,0.0012433562902789278,0.0033853379308675623
1.700000203,11.804056033413143,-16.788199653257788,-0.2793477948462723,0.600181955297672,0.9398377400086906,-0.6334463102245191,0.24998165658894886,-0.0001523406864098395,4.1396110175866024e-05,-3.099621639430256e-05,-0.0009137376897506884,0.0011394483620332455,0.004991527938503219
1.7000002040000002,12.928253173716529,-18.2101281819876,-0.031761791936917305,0.7123327759438454,1.071960638774097,-1.3894650417454097,0.2500713458587334,-0.0001049118264075389,2.2926285584582923e-05,-8.28967145310397e-05,0.0014200860994646185,0.0004996157785146369,-0.0010532106772003771
1.700000205,13.853226619199107,-19.27044272095351,-0.004314293815293718,0.6764237924249221,0.9500576575696428,-1.3358854637398356,0.25002692443346825,-0.00012491471903618484,1.79761092052641e-05,-1.3902966058123529e-05,0.0010637860356646092,0.0005398090446544612,-0.0028758009116099754
1.700000206,14.19799076526066,-19.999930365418653,0.27825004586226654,0.6777508733478291,0.5045776362664758,-0.8942058611063104,0.24997336566322834,-0.00016168134969866152,2.5976877617545795e-05,2.7323534623722296e-05,-0.00044041586300935104,-0.0008320480217681751,-0.008076675287024965
1.700000207,15.23548116090989,-20.582944117858634,0.14009655399568272,0.6155670437446038,0.8889198585752998,-0.44670204629463195,0.24992850561848595,-0.00015583218065786286,5.834880242543596e-05,0.00012364502973548377,0.0001371291952401004,-0.00021338745533618965,-0.005198094434110685
1.700000208,16.089410649016607,-20.976081055129786,-0.1630645424067614,0.6165974961417249,0.7928671373384458,-0.3168652255980274,0.24986868432765033,-0.00015915073977500215,3.424864716938713e-05,0.00015763744272777064,0.0007505181527680453,-0.0003168880684460448,-0.001870167434580264
1.7000002090000002,17.74198255013382,-21.421068027636167,-0.20244746570194433,0.721003776006469,1.5209793931406606,-0.44861919148125706,0.24990140602972755,-0.00010956171081734809,5.3222506662989524e-05,0.00011031345542728897,0.0005753009201068705,-0.00022335884149833103,-0.003233927847330456
1.70000021,18.104854666118758,-22.14134071439304,0.006802252376346241,0.5659556241170942,0.7340506055328495,-0.8147583289824445,0.24999805796226127,-0.0001302148533154538,-2.8792989838095086e-05,-1.1033910186195769e-05,-0.00022585764836228225,0.0008512678164648644,0.0019129822198250797
1.700000211,19.526773465676825,-23.006823490365935,-0.358674020365164,0.5843581425318706,1.2628008685572412,-0.7613224571580594,0.24994053243538944,-0.00010787347783334719,1.227728290849612e-05,4.960303982235368e-05,2.2840435269161092e-05,0.0015344556184418968,0.005957253270574041
1.700000212,20.8296480567723,-23.457778868986022,-0.18601273530366103,0.5944138569168295,1.3692854567667712,-0.5936773609386763,0.24987362058734314,-0.00011301589809394867,1.604797308865037e-05,8.134504533038726e-05,-0.001138485214964173,0.002128016733626112,-2.093380012585435e-05
1.700000213,21.889184402485473,-23.641170194988273,0.011878162071336074,0.6703266068750388,1.2104688670544577,-0.1752563687342314,0.24995285413674972,-0.00013996721705332416,2.438034023701455e-05,6.069954972410971e-05,-0.0016865929031861051,0.0020660486207363534,-0.0038138999405406947
1.7000002140000001,23.16304254905706,-24.554803671681512,-0.27692208196877177,0.7344861155529817,1.2657401418523042,-0.6384190167676576,0.24990864670020296,-0.00011306430982769548,3.493835532063657e-06,4.9122591786446515e-05,-0.0018271499805189724,0.0017652343973704554,0.000154957262346914
1.7000002150000002,24.30609297682134,-24.490054504040256,-0.3332604025146938,0.783996382414361,1.1881510027695947,0.057430298519241973,0.24997219906547008,-0.00015584894873458004,2.8715363508262416e-05,5.002019709510212e-05,-0.0016247334038254325,0.001982732003722454,5.2353516189701055e-06
1.700000216,25.28904830332013,-24.65523720994435,-0.020524925094049684,0.8352135276984056,1.0186841022872477,9.987159319052585e-05,0.24992611023101485,-0.00014490701640011377,8.756078430688378e-06,4.820849574727672e-05,-0.0009636081198680444,0.0036703952067676277,-0.006800804509010947
1.700000217,26.690090745085314,-25.14388183326325,-0.13570049630330178,0.9011843443258831,1.3439136436992873,-0.2764683075281592,0.2500051453199323,-0.00011255474572058739,1.4264124059850955e-05,3.437486316402289e-05,-0.000562222152395717,0.0037712817039085816,-0.005407529520794789
1.700000218,28.48037448013332,-25.21362628874982,0.13370487757373634,0.9776306008299284,1.7782647646159129,-0.09455764684551021,0.24992053294490416,-0.00010569623563068043,3.3506100955568274e-05,1.0063019618432162e-05,-0.000898653346071374,0.004181463356834516,-0.00987573221244868
1.700000219,29.392552391530767,-24.952071443981282,0.012940735548493565,1.0772224718354537,1.0449760031243123,0.3084012562938744,0.25012324821734777,-0.0001641566216474686,1.2359630226763654e-05,-3.6450336586943706e-05,-0.0016981397306217484,0.0037114559139527605,-0.008316495551327619
1.7000002200000002,30.365455404785838,-24.553087675979384,-0.0015154457523630111,1.667873440115934,0.5436200135849132,0.3376010390686643,0.2501453219138793,-0.00019901046477091195,6.074486554459433e-05,-8.413102584729529e-05,-0.0011526544480219302,0.0015120765421315603,0.000750963152290663
1.700000221,31.959063966045964,-24.528275061532494,0.33436696523345055,1.8413624810193674,1.191945032749456,0.01936929033148349,0.2501908819751274,-0.00014300564139681037,7.944485758217981e-05,-0.0001904908239530478,-0.0006275170660488332,0.001898644968722868,-0.00497122969167923
1.700000222,33.67834893014414,-24.539038126149123,0.14858618427985626,1.9649305524858174,1.7912443183246856,-0.1174532990822029,0.2502644288125917,-0.00011651909836212767,9.233865355122586e-05,-0.0002537842932636567,0.0012654116450038033,0.002254627038202916,-0.0009535091842250119
1.700000223,34.95519804702572,-24.10642167948408,-0.1350576964306173,2.0316142715468577,1.4707902118790266,0.40850432440370976,0.2502966099667554,-0.00016178955516224315,0.00012798935412269762,-0.00026714536052299464,-0.001408455190702659,0.006700914216456559,0.0011700898131167645
1.700000224,35.76625212090124,-24.45738611420027,-0.04834756916504396,2.2446348588101617,0.7350794061950657,-0.09710825180809657,0.2503718206587215,-0.0002000059062012389,0.00011237939933436579,-0.000408686043843141,-0.005198405341686771,0.0019161685524895318,-0.002960335489715945
1.7000002250000001,36.68495925408153,-23.740438611252795,-0.05440494030054459,2.3231550062224517,0.8423947241394236,0.4490505036328786,0.2503881795258098,-0.00016622447078287967,0.00012483141226512723,-0.00043704159844376676,-0.0036806504144384538,0.004071193838175497,-0.0051351341161350985
1.700000226,37.942211506750176,-23.661170139316507,-0.13253947625653253,2.2787900539364427,1.1755083006609746,0.07515593250500341,0.25032918977147955,-0.00016697394999600756,7.52019604840521e-05,-0.0003545782195088122,-0.003763808282762262,0.0029095078670747536,-0.007156110869343632
1.700000227,38.83628873846235,-23.918352400609855,0.026326718204395527,2.2933791691402043,0.9017465663766173,-0.27197127607686766,0.2504062196909347,-0.00018817434305769162,7.938143152739817e-05,-0.0003196455168691524,-0.0049852523613181585,0.0029186444958985655,-0.011050946376806507
1.700000228,40.26499497843003,-22.644067460304516,0.4758047696224175,2.302280206275248,1.2870459790079327,1.0929651251707297,0.25034327693740666,-0.00010441880419837471,0.00012650945044541243,-0.000277667047365653,-0.0038674285995534173,0.003992109175276426,-0.017970349338752013
1.700000229,41.57789651338002,-21.718421098519944,0.3988480801589499,2.3564297367114753,1.3876496498137032,1.2743797415752813,0.2503542952555579,-0.00011087784371292887,0.00012143256272911703,-0.0002798865857034351,-0.00316050297734733,0.0024742666726653637,-0.01790978640043324
1.7000002300000001,41.91011058654733,-20.920158499681,0.7119302945509363,1.7419931220369298,0.7149138264858125,0.9566709023009098,0.2501553166280178,-0.0001903014019794927,7.011403159128953e-05,-0.00014369995720929862,-0.0005403692378347347,0.002065007779357137,-0.004901245756816207
1.7000002310000002,43.97789599191404,-20.34680619071077,0.4205580010954068,1.96180932620789,1.469079499065621,0.8935518441039516,0.2502833065395161,-0.00014009995580616585,4.151652855944248e-05,-0.0002962079983352247,-0.00040503353936129473,0.0008631411663244032,-0.00012719540740606036
1.700000232,44.54440651676333,-20.166963603346364,0.06790946344736076,1.8599922789259784,1.0014807739872196,0.5712004052602377,0.2501982295662084,-0.00018204453351454284,4.188818547681214e-05,-0.0001642396143693613,0.00154821796358647,0.00020360578076332242,0.004992020186622739
1.700000233,45.552367034263995,-19.458482626951568,-0.0783658314344319,1.89855476864793,0.8904849681999375,0.7906418725576898,0.2501661509662919,-0.00017280065316861162,4.846823048076545e-05,-0.00015360012986928684,0.0010296185817901767,-0.0005949331172795443,0.004450530606395876
1.700000234,46.608364860401196,-18.948672721715027,-0.04460345184264608,1.9372654343375986,0.9742848063583653,0.5858945966560136,0.2500659021569864,-0.00017146885450154863,2.1232679249263067e-05,-0.00014344256403566602,0.0005702758160245239,0.0008996663996607599,0.0025434446276918297
1.700000235,47.621703362769495,-17.949971620519214,0.06007485234127663,2.001692209580027,1.0895537333583942,0.878698022226172,0.2502217923809266,-0.00014891285191397623,3.261739329096907e-05,-0.00015837391915503153,-0.0011728400289430876,0.0013611129345914423,-0.0012571170763552453
1.7000002360000002,48.1554560371929,-17.232380383669668,0.30887461187983245,2.0756466373667384,0.583573923056262,0.8315050865546291,0.2500886007592289,-0.00018243238645844937,4.539064715839767e-05,-0.0001804485262871809,-0.0023885200400147215,0.0016533340975439373,-0.005807742375490544
1.700000237,49.31573746126404,-16.108771068722497,0.38493208727467343,2.120180621217946,1.0047670670181925,1.1601544775050865,0.25019972031772886,-0.000144577169129189,4.817826439703305e-05,-0.00017422269230114406,-0.0017550746833370654,0.002221412930935571,-0.00718980371563763
1.7000002379999999,50.020156412909024,-15.380346486868092,0.31708526752500277,2.1448218446352434,0.809217323289435,0.8685634055380927,0.25012467665267374,-0.00017036103594456336,2.6839816915579973e-05,-0.0001500967796210715,-0.002374140913983581,0.0026025515989706546,-0.005899255839921001
1.700000239,50.89373315954715,-14.450844533370391,0.4104828028930329,2.218599985897768,0.8648771846141337,0.9302314023104388,0.25025645435907007,-0.00015764949593066662,2.9730264871185093e-05,-0.00015146536798733032,-0.0023787070338567662,0.0023343114152979045,-0.007257362868564244
1.70000024,50.788643062671625,-12.732613884567412,0.25319652734655207,3.0525650879676594,0.27311192699678455,1.6013473835646184,0.25011163086058236,-0.00018355039966601937,0.00014888532760083128,-9.922531021743922e-05,-0.0012843172671045439,0.002361502376238252,0.0047257333843881795
1.7000002410000001,51.6181040380146,-11.454395025927754,-0.25543685903808055,-2.919948626766413,0.24025889667801448,0.8091799590760802,0.2502968838199628,-0.00019941449589253927,0.00010254631120410665,-0.0002687061975400546,-0.0020755053811647994,0.0015489311284577032,0.01026475495538
1.700000242,52.248363134914946,-10.611074306472718,-0.33718415827856657,-2.7884589653219334,0.6743733213847944,0.7880045970444312,0.2503755514114936,-0.00017522084995119492,9.540703555077064e-05,-0.0003620031925486002,-0.0012807754227458273,0.0006488669397363108,0.008440643329262785
1.700000243,52.28963401260651,-9.44913925816896,-0.2361349220052863,-2.702924924258754,0.13743545948966363,0.956036598602493,0.25035113206935306,-0.00018719366440281247,0.00013921862171268481,-0.0003939925679725663,-0.0018433985233283388,0.007683751532286562,0.004140858733473612
1.700000244,53.28897130926695,-8.152165889888833,-0.5672450985361754,-2.6987728120940955,0.7179461820453342,1.146357977348373,0.2503664883180777,-0.00017299038302508255,0.00011328409893556645,-0.0003503213862769193,0.001512896905774046,0.002625680917366889,0.006921858730836847
1.700000245,53.67001552803862,-6.435337760239825,-0.46676359233059495,-2.603167713928448,0.6253295968211274,1.6590053628174317,0.25032637466206825,-0.00014784729144442496,0.0001072281026825982,-0.0003950634989372369,0.002114132040083819,0.004531978716955225,0.0016935894505625331
1.700000246,54.32923525843938,-5.3976633981240365,-0.5577093404089531,-2.514226193657328,0.7393365564134197,1.16852037198165,0.2504341738986507,-0.0001906472355307107,0.0001284630804631509,-0.0004315069365593011,-0.0003029558067428298,0.00423857149554985,-0.0009960194539478805
1.7000002470000002,54.42652083919218,-4.942276187674696,-0.28986640807366465,-2.4845937838596863,0.32490360380313243,0.27866377079874427,0.25035804812532103,-0.00022914773418637534,0.00018373205479757363,-0.0004135803835101703,-0.0012954744458937154,0.005066677322543385,-0.008135528480744579
1.700000248,54.18732943459691,-3.4810952224147234,-0.36029540449892583,-2.5195978264143526,-0.20527735134535663,0.9607821646524325,0.25028188678516305,-0.0001621751878771905,0.00015836991393990485,-0.0003284507615649475,-0.00025440444801729054,0.004962663413996759,-0.008410447035044085
1.700000249,54.65106153747112,-2.266947873907196,0.15113937047283527,-2.5629821353887423,0.18563427710946157,1.1416517026279218,0.25021895383113935,-0.00016074645477591592,0.00012715892051862835,-0.00023354744879813873,0.0019357680771751409,0.002150299247429546,-0.02012601650998027
1.70000025,55.725610074079235,-1.2851908339886835,-0.10537955363832674,2.370069860881384,0.536346228449011,1.7094481006757958,0.2498507686990504,-0.00016376050228410064,-2.656972907857545e-05,0.00012600176067554573,0.00025008090248889825,0.0015496041705969836,-0.0013948297379033914
1.700000251,55.31889751702404,0.1419986919662321,0.20589822663732651,2.2091165255767007,-0.12515439741024448,0.9075656448543004,0.24969443403371436,-0.00019643194434669945,4.4961449402046737e-05,0.0003104850275548425,-0.000837972667016755,0.0022768308558515932,-0.00818699875842246
1.7000002520000002,54.99383393181338,0.7518873091312084,-0.28152062881703155,2.316006319143874,-0.3814699849401677,0.45828890057443933,0.2497274007924979,-0.00017445274567962088,5.813709866763961e-05,0.00025861098482291803,-0.0018042828859735876,0.00025865382749963107,0.0005645551432567255
1.700000253,55.09708467587759,1.8348153073699476,-0.13420426778296718,2.387034432208097,-0.09355453017616139,0.7080937064408069,0.24978223645412959,-0.0001504936309654628,2.186205203663449e-05,0.00023980738830662842,-0.0078019223057786725,0.005963478398503273,-0.004544953769229074
1.7000002539999999,54.663016482944485,3.611104766127513,-0.3914005716761378,2.613997657263718,-0.3866957940108682,1.4836982181665592,0.24993712699364704,-0.00011807016413243961,5.457427847468482e-05,7.740779901074999e-05,-0.01625094128017059,0.0032322013726360896,-0.001877562097587774
1.700000255,54.64215915400192,5.06236364581301,-0.629309310342274,2.663903344828301,-0.2726749887162268,1.4556190222137357,0.24983506607143144,-0.00011847700382050471,2.2918854619861268e-05,7.825977490920057e-05,-0.01740741752706559,0.004789761023779874,-0.001276128751078613
1.700000256,54.586203005592424,6.066146748030084,-0.4740988445900416,2.737531073571878,-0.04555870510253612,1.0027326615725192,0.24992632332523984,-0.00012372403226386204,-1.9621815698541678e-05,5.73651747794939e-05,-0.016455758500787954,0.001290845473063258,-0.007489124969779838
1.7000002570000001,54.06893258425548,7.184372778813702,-0.27641346664580696,2.752476164505656,-0.41293299620765184,0.8909978068687978,0.24995601831578837,-0.0001458768696468318,1.366642463454944e-06,9.23258915393105e-05,-0.01713910044203029,0.0007064329145470843,-0.01203434513325953
1.7000002580000002,53.650916422049534,8.420745798737943,-0.42454488854516803,2.781415261978605,-0.49617377231454296,1.1165794775142337,0.24985095418077044,-0.00012064400918260416,1.4851078376536217e-05,0.00010843451554276047,-0.016169425242490414,0.0012266005102008356,-0.010035731992734264
1.700000259,53.03131119469687,9.487252057938855,-0.34319448948462217,2.8355342422308696,-0.6955700762175947,1.042771955788761,0.24986051054322791,-0.0001264766978792467,2.2583668907848752e-05,0.00010409838556620706,-0.015887198434621778,0.0010947412998330798,-0.012062122371536527
1.70000026,51.95432115242147,10.992405177825002,-0.1831284001657901,-1.9913611772619182,-0.5610251914567673,1.0363957479475738,0.24982227882445399,-0.00022366449709401205,0.00015377070264583077,0.0001970185387014378,-0.00016632944737513325,0.000816292636069624,-0.0006292373989689546
1.700000261,51.55414076806881,11.889144345321013,-0.1365742180687684,-2.05277989511438,-0.7139853719491485,0.6504100900309702,0.2497088003651463,-0.000247764073133212,0.0001418136894339296,0.0002932119375929158,-0.00034046869700565075,0.0005250255068404301,-0.0016367073754543111
1.700000262,50.69727595758276,13.36972674283804,0.15005739575803662,-2.043844148550407,-0.8978301976919366,1.2988345703434268,0.24963356275855306,-0.00020508570410175165,0.0001570385312856159,0.00032989932853940893,0.003565350913919873,-0.001249643987227476,-0.005486857597396389
1.7000002630000002,49.929030010780046,14.017492743250173,0.02095801422551591,-1.8543609753912063,-0.9028529886329844,0.8514583738474271,0.24987767318529897,-0.00022427897586295228,0.0001563444336229701,0.00020272826145372128,-0.0019169019208532421,0.000896378572030565,-0.003311457441776056
1.700000264,49.5632531988623,14.998455369098984,0.078702130981204,-1.7137450638944798,-0.38911601002418783,0.919694947489695,0.2498717241850815,-0.00024599272272251763,0.00013862458834025865,0.0001173964452329213,-0.0033753595371760602,-0.004503607558929831,-0.0040865468281551685
1.700000265,48.3809461810547,16.192092349927222,-0.019210089323578067,-1.6449018548936802,-1.024024273828183,1.1616616796585122,0.2499080056809695,-0.0001936658299280361,0.00014720938660244052,9.871339579198907e-05,-0.00019616169584916023,-0.003080977605600755,-0.002757844277530298
1.700000266,47.15573056608681,17.23925125040173,-0.22581514176412304,-1.5850050015639383,-1.2285904692796057,1.1087808647273028,0.24993364459527853,-0.00020584051625108287,0.00015709104187761286,8.790924640037965e-05,0.00013142609077434304,-0.0015799454599926697,-0.00019534200383006977
1.700000267,47.074441646871854,17.912775934129368,-0.05640897659857322,-1.481267040201835,-0.16801043587236197,0.7532883926844407,0.2499394255456009,-0.00028960109693085707,0.0001694820845502983,3.364855411285351e-05,-0.0017542875015067782,-0.0008956109347620454,-0.005601579151960776
1.7000002680000001,46.2159716034208,18.681680632062875,-0.2046590701591417,-1.4209813738851391,-0.5051236565862022,0.7862007503696881,0.2499512664359679,-0.0002417662092092147,0.00015914704512726689,2.157774867120404e-05,-0.0006744700065642111,-0.0021505047365302427,-0.004656441908604143
1.700000269,45.09624753694177,19.656197145841965,0.18766816399672837,-1.3169912895585556,-1.0299092793081213,0.8482607991876191,0.25001483001420705,-0.00020231958829357316,0.00016184498126015925,-2.876934894781973e-05,0.001751429309969167,-0.0008803798748816185,-0.012723054206680965
1.70000027,44.949503535498174,20.47649540768159,-0.022606418432033898,3.040890450414283,-1.033587729331098,1.2529305076829527,0.25009277397456453,-0.0002901246219409697,3.294898691909743e-05,-0.00011378210390044728,-0.0019837004965757455,0.00010480842611092721,0.0034530878536836694
1.700000271,44.05686270304472,20.49320904986822,-0.5066816640569516,2.915436894680561,-0.5530112057939609,-0.6181588884846425,0.24983033929938608,-0.00028178264231113305,0.00014495114032961513,0.00012997163310624825,-0.0015890239647339602,0.0018369706632648602,0.01190174669657942
1.700000272,42.9913366854327,21.121719977248986,-0.7588360082445277,2.769659184890318,-1.2269615031240926,-0.02152806148156894,0.24963132409153002,-0.0002902754707547159,2.5991600333524065e-05,0.00030844083476947435,-0.01034199714150478,0.00934713153228779,0.008679423277316063
1.7000002730000001,42.067197251947405,21.96323950041104,-0.42510330316704814,2.773767562198075,-1.125050109241348,0.5851209963917495,0.2496063419594282,-0.0003163116629567266,-3.4947586952338935e-06,0.0003536456113082044,-0.010466506859806022,0.02253326347311071,-0.0036613068247979812
1.7000002740000002,41.05902283557359,22.73441199552414,-0.48358756510614853,2.7961193317632222,-1.047001432414045,0.7565876336798972,-0.0004020276338223141,-0.00033160806613464317,-2.3479481494277144e-05,0.0003754225519283602,-0.007107436786529586,0.022925544244433,-0.00676475567316941
1.700000275,39.78891151260982,23.62614815157601,-0.18574599319028112,2.8557110691638288,-1.266695660553411,1.0491152186130615,0.24962289928138426,-0.00031921134570663185,-5.5993937346396476e-06,0.0003826005439794712,-0.006817041057797134,0.01732157364311487,-0.012369813155646631
1.700000276,38.14977439825064,23.9415759099113,-0.1769206259324682,2.905925943665284,-1.603359514719441,0.5139909653474555,0.2495473540825685,-0.00037352739193141497,-7.1038361192859625e-06,0.00038088472149872086,-0.004927078009631765,0.014456133165291409,-0.014781047565251873
1.700000277,36.920193738691864,23.860513257037265,-0.008977480070711752,2.983809637016705,-1.4128505532161761,-0.10328813740801768,0.24961248025093694,-0.0004037539443186486,-3.543350749086362e-05,0.00035153147171650617,-0.0033738462468528374,0.015306144581229026,-0.01806129066339193
1.700000278,35.61589291078085,24.59858518269009,-0.15107993456977384,3.076813034961104,-1.4309276339201342,0.5253295947364667,0.24976272792977225,-0.00034329912806467235,-1.1267976730638954e-05,0.0003064864948696786,-0.0006575076953795446,0.015134079563498288,-0.01661786368889481
1.7000002790000002,34.8268754479509,24.68729137904759,-0.14306817688610307,3.0910748993950428,-0.9709843043787093,0.2806515655330407,0.2496825075638569,-0.00035422022618199987,-4.147161473502628e-05,0.0003432437794135172,-0.0021707822003372576,0.013747427935542398,-0.016810589317548738
1.70000028,33.06440898495994,24.831563658333224,0.1206790319324729,-1.4761037649183224,-1.081362282009842,0.20966836283793333,0.24880134723188935,-0.0003548335605106395,-7.85742895567487e-06,0.001202321917662607,-0.002112529317603311,-0.0024751677804911425,-0.003391519305248978
1.700000281,31.503815377744612,25.084316775360975,0.48744663791609366,-1.3782416727082993,-1.4688522752407125,-0.42905005418578374,0.248830702359613,-0.000392697994845783,1.3984777519485506e-05,0.0011503789194069781,-0.0028636319690411903,-0.002188462878883605,-0.008709862000984624
1.700000282,30.6562607346693,24.870709219142796,0.2950272401109438,-1.3199920816135766,-0.8072641245208773,-0.4089574477170039,0.248807901967795,-0.00037453339028821947,-3.4302746334116115e-05,0.0011391763929728138,-0.0069392773031871436,-0.008225142152848504,-0.0035882312140099234
1.700000283,29.2620096032081,25.05990076977465,0.2698819673844999,-1.2490211732294807,-1.1817733477636112,-0.013245481125898073,0.24890980449819158,-0.00033537248075981565,-1.4414124068616442e-05,0.0011182826749680233,0.0056994027946789165,-0.0054366393481275616,-0.002695716492148939
1.7000002840000001,28.314696463263996,25.134147826771038,0.3039255191473279,-1.1743779459654053,-0.9746011288834716,0.014363168460030412,0.24886288248689467,-0.00033756145918112997,-3.1670623948498462e-06,0.0010949337411077073,0.0037073419914889203,-0.006830476610642996,-0.004449566583364756
1.700000285,26.702657094512176,24.36276151174566,0.07520009072760211,-1.115291363828869,-1.408760613236802,-0.668132444654105,0.2489238266648546,-0.00030678474699767703,3.0089043025735538e-05,0.0010830817946096733,0.006722670741351746,-0.0006189698504946621,-0.0015854623448854732
1.700000286,25.088358733821142,24.24505844843133,0.2488088139550531,-1.0808259236934796,-1.6055688419948166,-0.45700947838907524,0.2488569995109018,-0.0003119354152438226,1.1433225373169346e-05,0.0010980143519202373,0.008112492322028247,-0.0033460956452051496,-0.00575408779086071
1.700000287,23.793370858174193,24.48379144918366,0.1991680015198572,-1.060308160359422,-1.37466405909283,0.13138923601965857,0.24896579202769317,-0.0003546520415833407,-2.229320496918014e-05,0.0011259540879309039,0.007555992660675112,-0.003316536229071735,-0.006255289608709824
1.700000288,22.270415538876918,23.81274282386325,0.13455883120115708,-1.0340570552650339,-1.5542219233357235,-0.50375277614631,0.2488244192870241,-0.00031198510705816976,1.367860081832582e-05,0.0011486902924392553,0.008403616441035875,-0.003150032137118314,-0.006339423088169338
1.700000289,21.437915355438424,23.263145527761,0.004677909330156174,-0.8996434918875749,-0.9080434020959919,-0.7172333552281959,0.2489288633019333,-0.00034943745189635554,4.129531581653025e-05,0.0010626310424375518,0.007378226580398989,-0.0030295368571229614,-0.005281413604646505
1.7000002900000002,21.014334624497447,23.28063629060802,-0.26424530532437657,-1.9060719598588185,-0.872897420664939,-0.6849983709442664,0.2506743419140511,-0.0003710316083324271,7.225853385931485e-05,-0.0007660094709432998,-0.0023108021085454164,-0.0016618920293906946,0.011802290482095586
1.700000291,19.213777976685705,22.59369958503779,-0.1769456080181693,-1.7898883368049405,-1.1783762631761294,-0.8358712726378326,0.2508103605772476,-0.00034890406614948566,4.894018977722321e-05,-0.0008442308254432479,-0.0021719434936788183,-0.0013746466476440165,0.007421549258967215
1.700000292,18.6580820546388,22.5629159657662,0.036373108984804114,-1.849452875076122,-0.7446636057938645,-0.2332991194229206,0.25077015372481976,-0.0004023288754379452,3.3559837929898815e-05,-0.0007291611079835329,-0.0006955769699094477,-0.0005428027044495855,0.0018303316630873612
1.700000293,17.6499264006163,22.097209446840424,-0.2877715730035201,-1.769454041590125,-0.6806267396529653,-0.26711958824294024,0.25071181104750084,-0.0004016022745976958,3.356451652031138e-05,-0.0007586262393687462,0.00043705861183233907,-0.000419738494677731,0.005404617482370132
1.700000294,16.43845319615539,21.058146355371598,-0.017721181041666423,-1.8104253107373305,-1.0123689299444583,-0.8102722887900964,0.2506511750176454,-0.00035943009661128765,5.649726275040787e-05,-0.0006702032483994707,-0.007872529125552178,-0.005259939279901612,-0.0012429173880383329
1.7000002950000002,15.643000349592707,20.19282823776433,0.09884769422559408,-1.7794740249669554,-0.9353249225640164,-0.9043288668180053,0.25068158684242237,-0.00035730724520250144,6.031820175259909e-05,-0.0006497136357711157,-0.007356881700436034,-0.006039768210027878,-0.004451807666230436
1.700000296,14.521092318702742,19.662974625265274,0.21367594486107105,-1.703617432063036,-1.1822776979870375,-0.6448086857247519,0.250721019585165,-0.0003344473186284244,4.7532630795303034e-05,-0.0006760569382514501,-0.006079023233909683,-0.006830846310531663,-0.006530163765300085
1.7000002969999999,13.759548622830215,18.546123341762502,-0.029663992632112002,-1.682458073775226,-0.9082680907282562,-1.0077801978170298,0.25061954454551766,-0.0003627053048721639,6.33350396444122e-05,-0.0006452762467919673,-0.0068348225069490625,-0.0052037675107781695,-0.0016225598663519424
1.700000298,12.111221365544488,17.86961497401583,-0.19069048819615508,-1.6051228796597012,-1.3835976976430804,-0.9433069739774494,0.2506078398358344,-0.00034454243735769144,7.065160429784492e-05,-0.0006723014511212527,-0.006090274318423982,-0.0037699572791370928,0.0003332464684171793
1.700000299,11.338759947275872,17.20299252479444,-0.37900079661057773,-1.606677366767996,-0.9683676112443383,-0.6961825389284345,0.25061417461772917,-0.00037141818353398113,3.479293583089782e-05,-0.0006148930286224635,-0.006275583489180063,-0.003595123361976253,0.0016351336828847212
