time,rov_id,t_sent,t_received,x,y,z,channels,rssi,azimuth,elevation
1700000000.0367541,1,1699999999999947,1700000000036754,0.0,0.0,4.891935314224245,0,array('h'),179.8527828407163,4.6147191538401815
1700000005.0353599,1,1700000005000087,1700000005035360,0.0,0.0,5.498602440916546,0,array('h'),186.61177493057102,3.763063150913286
1700000010.0333893,1,1700000010000044,1700000010033389,0.0,0.0,5.575495405273368,0,array('h'),192.33105717380508,5.1151261694045935
1700000015.0309055,1,1700000015000010,1700000015030906,0.0,0.0,6.690563904641804,0,array('h'),199.96713279248382,6.217891769708763
1700000020.0279868,1,1700000020000965,1700000020027987,0.0,0.0,6.578031317011514,0,array('h'),209.19288678964722,7.491925039661267
1700000025.024731,1,1700000025000322,1700000025024731,0.0,0.0,7.0630906854671816,0,array('h'),216.28870370714796,7.917910166146045
1700000030.0212603,1,1700000030000304,1700000030021260,0.0,0.0,7.107944335243091,0,array('h'),223.4413292243549,11.807879031667005
1700000035.017737,1,1700000034999807,1700000035017737,0.0,0.0,8.02346205248944,0,array('h'),236.8494153141297,15.10222709373077
1700000040.014398,1,1700000039999774,1700000040014398,0.0,0.0,8.175748454398859,0,array('h'),252.8400612224594,19.738646723413893
1700000045.0116246,1,1700000044999354,1700000045011624,0.0,0.0,8.917033562136224,0,array('h'),273.0115848372129,26.337074083434135
1700000050.0099962,1,1700000049999978,1700000050009996,0.0,0.0,9.31758657905732,0,array('h'),304.26882508606394,31.92154280201848
1700000055.010017,1,1700000055000310,1700000055010017,0.0,0.0,9.32575941211218,0,array('h'),336.2543362007252,32.540334349899226
1700000060.0114923,1,1700000060000097,1700000060011492,0.0,0.0,10.316706845369952,0,array('h'),6.329134883639379,31.254367435486618
1700000065.013515,1,1700000064999616,1700000065013515,0.0,0.0,10.51358635490991,0,array('h'),23.930856319473676,28.088971465826347
1700000070.0154996,1,1700000070000774,1700000070015500,0.0,0.0,10.878302911092797,0,array('h'),37.73940229054656,23.748955025971075
1700000075.0172188,1,1700000075000308,1700000075017219,0.0,0.0,11.415507842272376,0,array('h'),50.816963339944465,22.209794857346115
1700000080.0185468,1,1700000080000229,1700000080018547,0.0,0.0,11.820565762454486,0,array('h'),59.01579272406716,21.37666468384325
1700000085.0194144,1,1700000084999426,1700000085019414,0.0,0.0,12.078759670344697,0,array('h'),70.01088148858048,22.88871053237496
1700000090.0197892,1,1700000089999547,1700000090019789,0.0,0.0,12.831977144382702,0,array('h'),81.04290902470424,23.444099729172763
1700000095.0196679,1,1700000094999653,1700000095019668,0.0,0.0,13.140280829553946,0,array('h'),86.63762937792913,23.11358676309365
1700000100.0190759,1,1700000099999646,1700000100019076,0.0,0.0,13.572570596525605,0,array('h'),98.59811133968665,25.513895937565522
1700000105.0180705,1,1700000105000234,1700000105018070,0.0,0.0,13.888202485662433,0,array('h'),107.6296447197036,24.75207258209699
1700000110.0167525,1,1700000109999844,1700000110016752,0.0,0.0,13.640801214703645,0,array('h'),118.32175542065929,33.2767373881835
1700000115.0152824,1,1700000114999614,1700000115015282,0.0,0.0,14.627099320402065,0,array('h'),136.11465943448937,35.46634931483929
1700000120.01391,1,1700000119999996,1700000120013910,0.0,0.0,14.861784440968274,0,array('h'),152.56259348791548,40.51373270784709
1700000125.0138714,1,1700000124999801,1700000125013872,0.0,0.0,15.008493069329488,0,array('h'),169.98649905478865,43.117559553115576
1700000130.0137615,1,1700000129999746,1700000130013762,0.0,0.0,15.684736263273722,0,array('h'),188.42174803762913,45.45762590569446
1700000135.0136216,1,1700000135000746,1700000135013622,0.0,0.0,16.199731704856678,0,array('h'),206.9655799498527,46.91833980899898
1700000140.0135436,1,1700000139999992,1700000140013544,0.0,0.0,16.930520915786623,0,array('h'),227.7110405550614,50.74253585010267
1700000145.0136595,1,1700000144999910,1700000145013660,0.0,0.0,17.308594128058903,0,array('h'),249.57155650680338,52.56331821480699
1700000150.0141165,1,1700000150000034,1700000150014116,0.0,0.0,17.271572924191485,0,array('h'),274.335995577826,48.912290902820715
1700000155.015033,1,1700000154999694,1700000155015033,0.0,0.0,17.763613491958733,0,array('h'),299.8718358357848,47.91250677864201
1700000160.0164587,1,1700000159999940,1700000160016459,0.0,0.0,18.22092100584638,0,array('h'),320.5356756625762,44.63977433346064
1700000165.0183656,1,1700000164999879,1700000165018366,0.0,0.0,18.72023014342371,0,array('h'),337.4389825114344,39.95498641069016
1700000170.0206685,1,1700000169999954,1700000170020668,0.0,0.0,19.36003205786304,0,array('h'),352.1410800373527,38.011357138682776
1700000175.0232553,1,1700000174999696,1700000175023255,0.0,0.0,19.74564070000595,0,array('h'),4.815089746444312,32.44711444368121
1700000180.0260077,1,1700000179999710,1700000180026008,0.0,0.0,19.991193446501438,0,array('h'),15.35608792537503,30.76749639305659
1700000185.0271595,1,1700000185000054,1700000185027160,0.0,0.0,19.196277147398824,0,array('h'),25.38493137051958,25.75531298773051
1700000190.0281432,1,1700000190000241,1700000190028143,0.0,0.0,18.897818117311477,0,array('h'),33.70116155307504,25.41275904635547
1700000195.0289724,1,1700000194999750,1700000195028972,0.0,0.0,18.009925689893922,0,array('h'),43.43595009412973,20.931703227774086
1700000200.0296667,1,1700000200000055,1700000200029667,0.0,0.0,17.316884550129377,0,array('h'),54.64188847118276,21.15153352952906
1700000205.030245,1,1700000205000677,1700000205030245,0.0,0.0,16.670389486626345,0,array('h'),63.725685419502035,20.951785004914854
1700000210.0307226,1,1700000209999652,1700000210030722,0.0,0.0,16.439752434828268,0,array('h'),73.51705424485657,19.468495454890597
1700000215.0311074,1,1700000214999698,1700000215031108,0.0,0.0,15.531808819169326,0,array('h'),83.69772315598564,17.6576562750574
1700000220.0313985,1,1700000220000108,1700000220031398,0.0,0.0,14.603987040746034,0,array('h'),95.36949755187915,17.020046415636017
1700000225.0315845,1,1700000224999738,1700000225031584,0.0,0.0,14.065460063150722,0,array('h'),104.8514683042987,15.83890791145686
1700000230.0316453,1,1700000230000176,1700000230031645,0.0,0.0,13.227341668923431,0,array('h'),114.88792979915088,15.067054355846603
1700000235.031552,1,1700000235000186,1700000235031552,0.0,0.0,12.455238972356574,0,array('h'),124.09323890257943,13.369801590312596
1700000240.0312705,1,1700000239999924,1700000240031270,0.0,0.0,12.079775846496819,0,array('h'),132.60639538143528,13.586606082714898
1700000245.0301197,1,1700000245000432,1700000245030120,0.0,0.0,11.662185191891128,0,array('h'),144.09380381264936,14.254547971724103
1700000250.029012,1,1700000250000378,1700000250029012,0.0,0.0,10.789566065662843,0,array('h'),154.90942859221292,13.536232012702758
1700000255.0279472,1,1700000255000204,1700000255027947,0.0,0.0,10.21329081006714,0,array('h'),166.17700114692036,14.399047298007142
1700000260.0269017,1,1700000259999738,1700000260026902,0.0,0.0,9.815778581017547,0,array('h'),176.09414293281034,11.540028179573085
1700000265.0258336,1,1700000265000196,1700000265025834,0.0,0.0,8.565277591876571,0,array('h'),185.54028544039522,11.580991206057488
1700000270.0246875,1,1700000269999846,1700000270024688,0.0,0.0,8.522826144215337,0,array('h'),196.02443643483596,13.053878418425555
1700000275.023402,1,1700000274999266,1700000275023402,0.0,0.0,7.943542137907446,0,array('h'),204.07487591000097,10.029616202277882
1700000280.0219173,1,1700000279999832,1700000280021917,0.0,0.0,6.944364154070611,0,array('h'),213.6217741026529,11.29662027636575
1700000285.020184,1,1700000284999822,1700000285020184,0.0,0.0,7.12316368587614,0,array('h'),220.55366140016855,9.973169662424935
1700000290.01817,1,1700000290000258,1700000290018170,0.0,0.0,6.550845702489178,0,array('h'),228.62357801552463,10.541577870637273
1700000295.015871,1,1700000294999800,1700000295015871,0.0,0.0,5.457644390694936,0,array('h'),232.64906476261308,10.919898104700046
