time,lat_deg,lon_deg,h_m,ned_n,ned_e,ned_d,h_acc_m,v_acc_m
1700000003.0,60.391620944566654,5.322154285420928,3.3183751199394464,0.0,0.0,-0.0,1.5,2.0
1700000004.0,60.3916537203367,5.32224662261256,-1.44055734295398,3.651843555783583,5.091392392415175,4.758935533668854,1.5,2.0
1700000005.0,60.39163917128759,5.322265306796929,0.3025499954819679,2.0308067636348124,6.121626458663447,3.0158283775252768,1.5,2.0
1700000006.0,60.39166454815867,5.322306717254003,-2.1677025025710464,4.858273088089359,8.404954879316616,5.4860849960835605,1.5,2.0
1700000007.0,60.39167317407596,5.322371074492759,-1.2308981465175748,5.819373927618171,11.953554026880434,4.549287091611909,1.5,2.0
1700000008.0,60.391682441315,5.322330050711141,-1.8577051162719727,6.85191206326583,9.691535979608064,5.1760912574428355,1.5,2.0
1700000009.0,60.3916702154444,5.322433894778388,-2.640953253954649,5.489738295873816,15.417405954795798,5.959349320648506,1.5,2.0
1700000010.0,60.39170688071985,5.3224434056673084,3.174557203426957,9.574952916685122,15.94182430575217,0.14384497000880536,1.5,2.0
1700000011.0,60.39170333688594,5.322425865036973,-2.399942560121417,9.180090448506176,14.974638664290548,5.718341815432563,1.5,2.0
1700000012.0,60.39170453639035,5.3224299352782145,3.2789188232272863,9.313747098706488,15.199080788606894,0.039481154802655904,1.5,2.0
1700000013.0,60.391704740033134,5.322452489223285,0.10306672938168049,9.336437539570454,16.442676403762192,3.215336357952941,1.5,2.0
1700000014.0,60.39176074922451,5.322474944107414,0.1959902849048376,15.576927232440276,17.680787427846166,3.1224282839150543,1.5,2.0
1700000015.0,60.39174877476087,5.3224518353461425,-0.5212795864790678,14.242737816695403,16.406598480348546,3.8396916414167266,1.5,2.0
1700000016.0,60.39176157362294,5.322456860153393,-0.6689681308344007,15.668773979164124,16.683654278947404,3.9873842446547356,1.5,2.0
1700000017.0,60.39178887568524,5.3224811558270515,0.6427961681038141,18.71075018879413,18.023280922207324,2.675631772061095,1.5,2.0
1700000018.0,60.39180555300381,5.322438702691376,0.9403319796547294,20.56890930154228,15.682453613311207,2.3780955082408965,1.5,2.0
1700000019.0,60.39180471843372,5.322473502585385,2.2279015127569437,20.475935307058176,17.60128526097677,1.090530669805732,1.5,2.0
1700000020.0,60.39179773440084,5.3224246960275625,0.7579035237431526,19.69776505970463,14.91014481673675,2.560519369028736,1.5,2.0
1700000021.0,60.39180563233717,5.322423398889819,4.109793337993324,20.577755211546123,14.838626246402562,-0.7913678360644205,1.5,2.0
1700000022.0,60.39181465782633,5.322382118116551,2.7475418094545603,21.5833529287497,12.562442805979302,0.5708821376754702,1.5,2.0
1700000023.0,60.3918050290965,5.322347331159903,-0.17859060876071453,20.51051425910988,10.64432676969275,3.4970075370698526,1.5,2.0
1700000024.0,60.39182064530847,5.32232480108943,1.8582362495362759,22.25045935967344,9.402042301377039,1.4601845588472369,1.5,2.0
1700000025.0,60.39181739959075,5.322330941040032,1.4400537060573697,21.888824348381537,9.740592608691664,1.8783663598691458,1.5,2.0
1700000026.0,60.39182256350106,5.322289870839614,2.22198149561882,22.464179176357042,7.476027573685584,1.0964375193667646,1.5,2.0
1700000027.0,60.39183633432166,5.322251754710723,0.191007019020617,23.99849832503596,5.374343096954993,3.127415467213874,1.5,2.0
1700000028.0,60.39182212697516,5.322176165474191,-0.03457143809646368,22.415526501124443,1.206441131725285,3.352986025999223,1.5,2.0
1700000029.0,60.39182972696394,5.322121644976485,-2.170120256021619,23.262301506086427,-1.799755783667337,5.488538011714813,1.5,2.0
1700000030.0,60.39185453267028,5.3221306990453146,-0.9463266897946596,26.026130371277468,-1.3005243184365702,4.264754994312126,1.5,2.0
1700000031.0,60.39183098656138,5.322073064102765,-2.584361900575459,23.40264524043541,-4.478447659065283,5.902781484699839,1.5,2.0
1700000032.0,60.3918460321319,5.322097467444736,-1.8058781642466784,25.07900744075116,-3.1328751098043446,5.124303313320478,1.5,2.0
1700000033.0,60.39182857434344,5.321955122982668,-2.8313917545601726,23.133891570331098,-10.981582262987368,6.149818220573261,1.5,2.0
1700000034.0,60.39180992249645,5.321988748976914,2.709505152888596,21.055736981975983,-9.12749767591226,0.608911205652241,1.5,2.0
1700000035.0,60.391824971170664,5.322004909555482,-1.9944631922990084,22.732425846662817,-8.236411266924604,5.312884091287197,1.5,2.0
1700000036.0,60.39182163933376,5.321981735848192,-0.24432171322405338,22.361205544237468,-9.514186076364059,3.562743074226689,1.5,2.0
1700000037.0,60.39183518775383,5.32191701705781,2.300653559155762,23.870776437198955,-13.0827059238222,1.0177795742812936,1.5,2.0
1700000038.0,60.391831283338874,5.321933060886831,1.3448912370949984,23.43574399368761,-12.19806719531516,1.9735385352692951,1.5,2.0
1700000039.0,60.391824314680306,5.32189045595429,-2.1758394353091717,22.65929956520002,-14.547249431388224,5.494271316407588,1.5,2.0
1700000040.0,60.39181311124366,5.321789837774564,-0.1661260612308979,21.411058360399686,-20.09523186128067,3.48456866346468,1.5,2.0
1700000041.0,60.39180414807397,5.321778730942812,2.014907643198967,20.41240211143851,-20.70766278187635,1.3035336403255942,1.5,2.0
1700000042.0,60.391797169710124,5.321786148769589,3.7834190046414733,19.634883233920462,-20.298661891627468,-0.46498147041271665,1.5,2.0
1700000043.0,60.39178569282161,5.321753522074683,-0.9884646255522966,18.356136727024268,-22.097654298473692,4.30690431936698,1.5,2.0
1700000044.0,60.39179675997288,5.321759433885768,-0.20143678691238165,19.58922702465106,-21.771678767438324,3.519879025797679,1.5,2.0
1700000045.0,60.39177827312915,5.321715003931868,0.3817199431359768,17.52946003511586,-24.22151343031325,2.936725119048874,1.5,2.0
1700000046.0,60.39176709775283,5.321731390639208,-2.056054995395243,16.284299477159163,-23.317966941632875,5.374493401317141,1.5,2.0
1700000047.0,60.39175132166459,5.321745629853109,4.0433764746412635,14.526554266147329,-22.53286427703701,-0.7249451246698531,1.5,2.0
1700000048.0,60.39178641838278,5.321742154797015,-0.5333140827715397,18.436983137031795,-22.72443471703624,3.8517562056151187,1.5,2.0
1700000049.0,60.39172572394891,5.321742788259399,-0.7215150091797113,11.67447490985807,-22.68954784806991,4.039941059910798,1.5,2.0
1700000050.0,60.3916964727255,5.3217586521669045,1.3680063001811504,8.41533299763126,-21.81485432098379,1.9504115780985227,1.5,2.0
1700000051.0,60.39168446763747,5.321714206923287,1.9074728917330503,7.077754926120711,-24.265535219971195,1.410952194022893,1.5,2.0
1700000052.0,60.39170786398976,5.321835394440456,-0.6371210506185889,9.684509630667025,-17.583344173634508,3.9555276914330064,1.5,2.0
1700000053.0,60.39172206327744,5.321820112989921,-0.4162372946739197,11.266583316001071,-18.425941378923007,3.7346489051393204,1.5,2.0
1700000054.0,60.39168905735317,5.3217673065496145,0.8550384603440762,7.589116614019643,-21.337662745471185,2.463376771572608,1.5,2.0
1700000055.0,60.39164868930981,5.3218525381983435,-2.8163896584883332,3.091325969892384,-16.638078251659625,6.13478717324438,1.5,2.0
1700000056.0,60.39165441792965,5.321889102479872,1.0292493160814047,3.729595885123453,-14.621961935580426,2.2891436112201817,1.5,2.0
1700000057.0,60.39167459488788,5.321918759678677,-0.8383534280583262,5.977683135466245,-12.986677377794022,4.156744535169233,1.5,2.0
1700000058.0,60.39164074487154,5.321934255470919,4.035176591016352,2.2061501777559154,-12.132275184016983,-0.716789580119757,1.5,2.0
1700000059.0,60.39162677114757,5.321974384240767,1.4083942137658596,0.6492050194081523,-9.919607135803378,1.9099886334026648,1.5,2.0
1700000060.0,60.39158706194484,5.322024351536973,-0.7776789497584105,-3.775157496433852,-7.164456675611963,4.096059199871611,1.5,2.0
1700000061.0,60.39158992917155,5.322086190291395,1.3514924636110663,-3.455700516498089,-3.7547151679623147,1.9668846937768159,1.5,2.0
1700000062.0,60.39156526127437,5.322109862654662,-1.254685859195888,-6.204170050679927,-2.44943938903976,4.573064464080738,1.5,2.0
1700000063.0,60.39157186766846,5.322092148721258,0.9788150079548359,-5.468094050512706,-3.4261734421703287,2.339563370889724,1.5,2.0
1700000064.0,60.39153447342844,5.322153476102564,-3.036868631839752,-9.634515926550463,-0.04462526232063213,6.355251022576397,1.5,2.0
1700000065.0,60.39152018407315,5.3221997450055465,-0.9183400049805641,-11.226622499385785,2.5066124038455913,4.236725487119069,1.5,2.0
1700000066.0,60.39152476698158,5.322232536896412,2.040360376238823,-10.71600315632232,4.314737671030413,1.2780251927158437,1.5,2.0
1700000067.0,60.39151739313954,5.322251036491811,-0.6363671347498894,-11.53758270909854,5.334792824163637,3.954754906382054,1.5,2.0
1700000068.0,60.391494948502995,5.322329074206678,0.25352602638304234,-14.038332604540997,9.63775101347526,3.0648717918060564,1.5,2.0
1700000069.0,60.3914729891742,5.322303828758277,0.4138824166730046,-16.48502112385634,8.245737571092993,2.9045193047129496,1.5,2.0
1700000070.0,60.391461396167195,5.322364160901022,-1.1699914410710335,-17.776687981522237,11.572420066580174,4.4884017833032965,1.5,2.0
1700000071.0,60.391450348250615,5.322373328505767,0.8090795949101448,-19.0076388727816,12.077924646284119,2.5093352280280836,1.5,2.0
1700000072.0,60.39144299812509,5.322351751527575,-0.722019107080996,-19.826580985540893,10.88818085474102,4.040434285335931,1.5,2.0
1700000073.0,60.39143572675125,5.322361045343138,0.5987133225426078,-20.636752169143755,11.400642022516754,2.7197053164937017,1.5,2.0
1700000074.0,60.391430602005364,5.322443161375297,-0.9901592480018735,-21.207723536248785,15.92847883006414,4.308589433431095,1.5,2.0
1700000075.0,60.39140744421669,5.322407467008929,1.376300967298448,-23.787955705683483,13.96032400653466,1.9421337119167337,1.5,2.0
1700000076.0,60.39139044158122,5.322451295688482,-0.189126948826015,-25.68235489369219,16.37702309879961,3.50757470171801,1.5,2.0
1700000077.0,60.391408284161535,5.322436529042349,-2.261410257779062,-23.694349931507062,15.562782791121773,5.579848289028208,1.5,2.0
1700000078.0,60.3913836062103,5.3224638508931665,-4.339181985706091,-26.443924094267643,17.069304382520325,7.657634658719168,1.5,2.0
1700000079.0,60.391362113432855,5.322516502739157,1.6894463235512376,-28.8386367995335,19.972536072901264,1.6290251265660665,1.5,2.0
1700000080.0,60.39138044996145,5.322463015168942,2.833796599879861,-26.795619994458846,17.023243658890493,0.48465741540350926,1.5,2.0
1700000081.0,60.39136965130542,5.322465124740479,-1.5282282093539834,-27.9987753662116,17.13955863303619,4.846687699155014,1.5,2.0
1700000082.0,60.39134560831177,5.322434250481331,1.0389015609398484,-30.67763890069141,15.43718162436365,2.279565903818689,1.5,2.0
1700000083.0,60.39133104417239,5.3224045576023,1.5190785629674792,-32.30036874847748,13.799933210462903,1.7993931630979638,1.5,2.0
1700000084.0,60.39133961955528,5.322424637843125,-0.8522366769611835,-31.344892669960814,14.907142234428328,4.1707061260849425,1.5,2.0
1700000085.0,60.39134290994261,5.322382442215827,-2.394480216316879,-30.978282658524794,12.580485139406921,5.712942875694523,1.5,2.0
1700000086.0,60.391331932286455,5.32229485125124,-1.8851993530988693,-32.20141678754605,7.750753494859266,5.2036603862998785,1.5,2.0
1700000087.0,60.39129974117481,5.322363758491136,0.10850043874233961,-35.78811544596079,11.550290964334343,3.209985429350805,1.5,2.0
1700000088.0,60.39131691405197,5.322296187936129,-1.3905741339549422,-33.87473410667254,7.824462066768678,4.709043916881978,1.5,2.0
1700000089.0,60.391301596587404,5.322272266031504,-1.945939145050943,-35.58138847325901,6.5054179212697605,5.264416733322653,1.5,2.0
1700000090.0,60.39131515258775,5.322185793950794,0.3819981459528208,-34.07101195977279,1.7373714484947027,2.9364681297738233,1.5,2.0
1700000091.0,60.39132250182841,5.3222019001186816,0.12929610814899206,-33.25216566384468,2.6254603069843965,3.1891661529153925,1.5,2.0
1700000092.0,60.391294480574764,5.322179243661451,0.7064777938649058,-36.37426729134358,1.3761912840765378,2.6120011033666586,1.5,2.0
1700000093.0,60.39131564515681,5.322155635609032,-2.58949532546103,-34.01611502933769,0.07444895548277897,5.907961072882136,1.5,2.0
1700000094.0,60.391311644751134,5.322106566462895,-1.005405679345131,-34.46184329514635,-2.631209596808042,4.323874358078422,1.5,2.0
1700000095.0,60.391291562547146,5.322100354357173,-1.602134925313294,-36.69937655920697,-2.973744870086171,4.92061622503852,1.5,2.0
1700000096.0,60.39129495810856,5.3220084145472875,0.06745856814086437,-36.32104871247363,-8.043283408135764,3.25102493583889,1.5,2.0
1700000097.0,60.39131457911447,5.321987909482583,-0.04573044180870056,-34.134894280376606,-9.173921854446416,3.364203403838463,1.5,2.0
1700000098.0,60.39129250106685,5.321996447545131,-0.5100354170426726,-36.594804796446276,-8.703140776970443,3.8285213475153945,1.5,2.0
1700000099.0,60.39129227728519,5.32195388500621,-1.0255391001701355,-36.61972896813687,-11.050027654077658,4.3440287985259705,1.5,2.0
1700000100.0,60.39129810051638,5.321875778848104,-1.7993544852361083,-35.970890982118036,-15.35677665120393,5.117849387482787,1.5,2.0
1700000101.0,60.39132525321858,5.321874651502423,1.1264134217053652,-32.94558213920448,-15.418932403130485,2.1920653003637582,1.5,2.0
1700000102.0,60.39135899107348,5.321811947460377,2.265717358328402,-29.18653527161647,-18.876398761006058,1.0527523429172163,1.5,2.0
1700000103.0,60.39134876242191,5.321844231431432,2.494579480960965,-30.326210808119402,-17.096277546351303,0.8238905250241366,1.5,2.0
1700000104.0,60.39134285496668,5.321825904496924,-0.20577533077448606,-30.984395302041058,-18.106814470907004,3.5242512794301764,1.5,2.0
1700000105.0,60.391353033296355,5.321742142849268,0.8880206728354096,-29.85031608101441,-22.725400541283058,2.430464618412369,1.5,2.0
1700000106.0,60.39135773222592,5.321741344326756,-2.396096513606608,-29.326751023645848,-22.76941582476523,5.714579534935767,1.5,2.0
1700000107.0,60.391360111049515,5.321731920137746,-2.9970660284161568,-29.061699155704034,-23.289058156545323,6.315549710066865,1.5,2.0
1700000108.0,60.39137651622966,5.321782184983733,-1.1020871037617326,-27.233877467799775,-20.517469773328937,4.420553231581529,1.5,2.0
1700000109.0,60.391383800490175,5.321745607529591,0.7906481837853789,-26.422269106546764,-22.53433765065587,2.527821323560058,1.5,2.0
1700000110.0,60.391387465507485,5.321768809470956,-1.0172425173223019,-26.013917152502287,-21.25498336201492,4.335705965343184,1.5,2.0
1700000111.0,60.391420537533065,5.321758356752328,2.5369369741529226,-22.329077601170066,-21.83133191072089,0.7815144644202032,1.5,2.0
1700000112.0,60.39140612388172,5.321771211742852,-2.211893569678068,-23.93501799654216,-21.122507059351648,5.530348446006556,1.5,2.0
1700000113.0,60.39140536188776,5.321740813471626,-1.432896215468645,-24.019911307029812,-22.79865711436999,4.751357166638831,1.5,2.0
1700000114.0,60.39142069709435,5.321782184727,-1.5730929635465145,-22.311292741632187,-20.51745462353223,4.8915399886267785,1.5,2.0
1700000115.0,60.3914372593844,5.321811776820647,-0.21121125761419535,-20.465954040660343,-18.88575513844375,3.529647073496127,1.5,2.0
1700000116.0,60.39144233507912,5.321826582606255,-4.971603969112039,-19.900414978173643,-18.069355164725298,8.290035637803966,1.5,2.0
1700000117.0,60.39145670589106,5.321833565188342,1.2973456950858235,-18.299255827520618,-17.684348927153028,2.021080106468169,1.5,2.0
1700000118.0,60.391469733497225,5.32189972154669,0.02165276277810335,-16.847746352802318,-14.03651289348408,3.2967599955438507,1.5,2.0
1700000119.0,60.39146199610367,5.3218761206437915,3.2023395439609885,-17.70984190973838,-15.337865048428602,0.11607853649677402,1.5,2.0
1700000120.0,60.39149664636337,5.321897923865129,-2.405922449193895,-13.849138353315986,-14.135619040795289,5.7243282162805125,1.5,2.0
1700000121.0,60.39151069928663,5.321955363234388,-0.21940918266773224,-12.283392628964595,-10.968446453763196,3.537805527038306,1.5,2.0
1700000122.0,60.39150839260222,5.322005154479296,-1.1135093960911036,-12.540406388216839,-8.222987406879739,4.431902119803648,1.5,2.0
1700000123.0,60.39150504372535,5.322003539786086,-0.4775305651128292,-12.91353563404348,-8.312022266865496,3.79592414840811,1.5,2.0
1700000124.0,60.39150759085588,5.322043321757404,-0.7541279308497906,-12.629740943688049,-6.118467914923136,4.0725184710391735,1.5,2.0
1700000125.0,60.39157168695106,5.32211955435027,-1.198071451857686,-5.488228629850756,-1.9150459018117338,4.51644921777749,1.5,2.0
1700000126.0,60.39158407111129,5.322042346420294,0.4066619360819459,-4.10839547177012,-6.172234047308542,2.9117174847479594,1.5,2.0
1700000127.0,60.39160341213652,5.322144710496037,-0.42676890920847654,-1.953444206583777,-0.5279539242280739,3.7451443492939496,1.5,2.0
1700000128.0,60.391599225953534,5.322171980781814,2.6380024645477533,-2.4198652172647597,0.9757090529688284,0.6803731873556447,1.5,2.0
1700000129.0,60.39162007029439,5.322203741253893,-1.3677845010533929,-0.09740942512068629,2.7269544366368033,4.6861602038705525,1.5,2.0
1700000130.0,60.39160599553819,5.322288883756598,0.7952670259401202,-1.6655971881770735,7.4216485534497165,2.5231126186517696,1.5,2.0
1700000131.0,60.391634558657195,5.322291766311046,2.8227019887417555,1.5168758042470447,7.580586149700798,0.4956778050756617,1.5,2.0
1700000132.0,60.39165760747665,5.3223488721423,-0.799028504639864,4.084957067750953,10.729342279582447,4.117413934805624,1.5,2.0
1700000133.0,60.39167558670353,5.3223615075829995,-3.174578344449401,6.088182676876897,11.426038927009717,6.492966576183527,1.5,2.0
1700000134.0,60.39165213143158,5.322336557482137,-1.0059196762740612,3.4748200752071465,10.050324009934114,4.324303639893927,1.5,2.0
1700000135.0,60.39170434665333,5.322450042754919,2.651849395595491,9.292610687971212,16.307787142407378,0.6665532832632701,1.5,2.0
1700000136.0,60.39171079173824,5.322447409856001,-2.3088664058595896,10.010706949007787,16.162595786744415,5.6272698005508985,1.5,2.0
1700000137.0,60.39169923853328,5.322470313188332,-0.41105971671640873,8.723470243390906,17.42547456369821,3.7294645405627804,1.5,2.0
1700000138.0,60.391723254696686,5.322457469808438,0.432888375595212,11.399323205894547,16.71729254321823,2.885518773854582,1.5,2.0
1700000139.0,60.39173379651219,5.322447365539452,-0.31386580783873796,12.57387697994615,16.160145858185558,3.6322737310510194,1.5,2.0
1700000140.0,60.391757589345495,5.322457811041166,2.287205238826573,15.224857430394099,16.73609501808164,1.031209937231786,1.5,2.0
1700000141.0,60.39174592832536,5.32249205814251,2.587468171492219,13.925608547199804,18.62445300396732,0.7309492605636656,1.5,2.0
1700000142.0,60.39175775086343,5.32245919124215,-0.6291763661429286,15.242846977147654,16.812190150148385,3.9475917861614667,1.5,2.0
1700000143.0,60.39176333780164,5.322489864738422,-3.7719731060788035,15.865337943508482,18.503482597073393,7.0903947127162805,1.5,2.0
1700000144.0,60.391795820039434,5.322480148336438,0.602099034935236,19.484482310047962,17.96772503838331,2.716331063924633,1.5,2.0
1700000145.0,60.39177792586967,5.32245860840732,-1.0388914290815592,17.490722882284995,16.780041787624597,4.3573125271295154,1.5,2.0
1700000146.0,60.39179951121157,5.322428958938857,-0.23242065962404013,19.895733300896218,15.145193907940765,3.550844718974014,1.5,2.0
1700000147.0,60.391809390149035,5.322418828428749,3.273583447560668,20.996443051421853,14.586612367258887,0.044842838018681164,1.5,2.0
1700000148.0,60.39181035043454,5.322383617028566,1.153772602789104,21.10342279753319,12.645089674734194,2.164649901236708,1.5,2.0
1700000149.0,60.391837337554506,5.3223439769508305,2.0246654115617275,24.110295453824577,10.459372664167343,1.293763791948658,1.5,2.0
1700000150.0,60.39182680894385,5.3223143115635665,-0.7693235399201512,22.9371942681284,8.823656342061705,4.087745954860174,1.5,2.0
1700000151.0,60.39181417915556,5.322294776659596,-2.3465291922912,21.5299892863328,7.7465254297818,5.664945310388722,1.5,2.0
1700000152.0,60.391837665651316,5.32231134788725,-2.809926482848823,24.146828637934895,8.660237012543622,6.1283531346011015,1.5,2.0
1700000153.0,60.39183052578043,5.3222279772539185,-0.5001724092289805,23.351312680523556,4.063282111724602,3.8185915289470618,1.5,2.0
1700000154.0,60.391852052971544,5.322179352435619,-1.5208600657060742,25.74984276753611,1.3821649531766973,4.839287267248685,1.5,2.0
1700000155.0,60.39183928215556,5.322144643132934,-0.8666470376774669,24.326934840454296,-0.5316643916369523,4.18506853166151,1.5,2.0
1700000156.0,60.391838835716634,5.322149135454737,-0.9225034490227699,24.2771928639131,-0.28396306533953153,4.240924738190491,1.5,2.0
1700000157.0,60.39182306176892,5.322054247747423,6.1119632218033075,22.51970588129183,-5.515968135301403,-2.793546001806968,1.5,2.0
1700000158.0,60.391866858756416,5.322076953441813,-0.9012022418901324,27.399491848931525,-4.263990524813728,4.2196375826683425,1.5,2.0
1700000159.0,60.391821127676465,5.322014819676533,2.5194902466610074,22.304202581105898,-7.689985067737732,0.7989284607584413,1.5,2.0
1700000160.0,60.39183858796284,5.321985425951823,0.9634075881913304,24.249607488477242,-9.310714902748142,2.355020368165272,1.5,2.0
1700000161.0,60.391841690974765,5.321957697083197,0.19188422057777643,24.59534304799789,-10.83965015711516,3.1265474666007425,1.5,2.0
1700000162.0,60.39183290907779,5.3219185667894395,0.4648454338312149,23.616881622860742,-12.997252672571529,2.8535865803485176,1.5,2.0
1700000163.0,60.3918303267913,5.321890911104281,4.115891492925584,23.32918514468789,-14.522164603134796,-0.7974572552901922,1.5,2.0
1700000164.0,60.39181843298889,5.32183504209222,1.0674058897420764,22.003992775359027,-17.602717332093135,2.251031381645836,1.5,2.0
1700000165.0,60.39182157752785,5.321843874243254,3.3491227366030216,22.354359634053544,-17.115726935752797,-0.030685570839297682,1.5,2.0
1700000166.0,60.39180032568678,5.321847979378932,-0.5872822012752295,19.986487823079003,-16.88937493090188,3.905710913379963,1.5,2.0
1700000167.0,60.39181191827115,5.321781658420862,-2.0482038957998157,21.27813490485399,-20.546226896229776,5.366647487351568,1.5,2.0
1700000168.0,60.391805444806074,5.321820535000402,0.2914715465158224,20.55686469321352,-18.402627120013996,3.0269631522828977,1.5,2.0
1700000169.0,60.39180799369176,5.321729774479307,-0.6704366132616997,20.84088444692617,-23.40705599394714,3.9888885939448393,1.5,2.0
1700000170.0,60.39178170483456,5.321744165237098,3.392855609767139,17.91181505471276,-22.613598388870237,-0.07441537508798923,1.5,2.0
1700000171.0,60.39176365582616,5.3217660731931975,0.7158871637657285,15.900798985364686,-21.405619467038434,2.6025435871904845,1.5,2.0
1700000172.0,60.391763091413345,5.321694365250019,0.551063584163785,15.837937746933534,-25.35952084209862,2.7673814691859233,1.5,2.0
1700000173.0,60.39177848275574,5.321754788754672,0.016090734861791134,17.552801439028713,-22.027819274448916,3.3023464583852897,1.5,2.0
1700000174.0,60.39175880704387,5.321720099811639,2.385788300074637,15.360572676689582,-23.940553840325446,0.9326501167837122,1.5,2.0
1700000175.0,60.39172806023278,5.32178666644394,0.6330087054520845,11.93476933376914,-20.270150847761396,2.685409699433689,1.5,2.0
1700000176.0,60.39172020245315,5.321786755053622,-0.15627867728471756,11.059262541923628,-20.26526737787195,3.474695489066447,1.5,2.0
1700000177.0,60.39170699068549,5.321718926161291,-0.5848924834281206,9.587243853145937,-24.005294717105066,3.903319861275473,1.5,2.0
1700000178.0,60.39171652596376,5.321781325923646,-1.6080476250499487,10.649631340305685,-20.564621979294905,4.926464696265962,1.5,2.0
1700000179.0,60.391688944684326,5.321835073941231,2.2927110251039267,7.576544857096765,-17.601034470114207,1.0256928144873747,1.5,2.0
1700000180.0,60.391683556473595,5.321812866794459,0.11851576529443264,6.976199793276541,-18.825513319537755,3.1998908778108484,1.5,2.0
1700000181.0,60.391656484723256,5.321885881446243,0.7892843717709184,3.9598763983962737,-14.799565498429825,2.5291091024774524,1.5,2.0
1700000182.0,60.39164375696131,5.3219326684959665,1.9744290094822645,2.541753645128046,-12.21977464480871,1.3439582929191731,1.5,2.0
1700000183.0,60.391637746559624,5.321917155401038,-2.529216716066003,1.872082645559022,-13.075147118047385,5.847605478023779,1.5,2.0
1700000184.0,60.3916244007696,5.321913524931544,-0.9562967056408525,0.38511058265149645,-13.275336808558796,4.274685617673649,1.5,2.0
1700000185.0,60.39160051914506,5.321936627234765,2.0134554309770465,-2.2757592485332485,-12.001509033827576,1.3049313575956771,1.5,2.0
1700000186.0,60.39161326567678,5.3220343106682115,-3.5243879230692983,-0.8555670983267754,-6.61530950971517,6.842766521996867,1.5,2.0
1700000187.0,60.391562667084365,5.322030146468386,-1.2627891330048442,-6.493206203021601,-6.8449331149481,4.581171218192879,1.5,2.0
1700000188.0,60.391573999147305,5.3220606755261395,1.9018324967473745,-5.230605657056008,-5.161583452093291,1.416546849834654,1.5,2.0
1700000189.0,60.39156641454713,5.322105149437787,-1.875103646889329,-6.075672901028712,-2.7093224197218975,5.1934822330005055,1.5,2.0
1700000190.0,60.39153521920641,5.322149303017996,0.011538238264620304,-9.551426745028408,-0.27472642247482976,3.3068440326111386,1.5,2.0
1700000191.0,60.391524968539045,5.322179272791004,1.6551251411437988,-10.693547490332476,1.3777879476479422,1.6632590832213099,1.5,2.0
1700000192.0,60.391505173744164,5.3222249604610425,-0.44097131583839655,-12.899056571595247,3.896978567763936,3.7593606559760744,1.5,2.0
1700000193.0,60.39149247357644,5.322256622863007,-1.5668943235650659,-14.314090564831975,5.642825287269699,4.88528798082275,1.5,2.0
1700000194.0,60.39147801296903,5.322291785717068,-1.264176370576024,-15.92527258035988,7.581687729028014,4.582575848426079,1.5,2.0
1700000195.0,60.39148204473506,5.322305303278448,1.3939859960228205,-15.476062485994278,8.327040768547505,1.9244133052990886,1.5,2.0
1700000196.0,60.39145567198426,5.322423915423123,0.1720599727705121,-18.414461996405578,14.867257714412636,3.1463589895741713,1.5,2.0
1700000197.0,60.39145273960778,5.322342938907224,-3.427882923744619,-18.741189165566478,10.402249934339713,6.746294014502826,1.5,2.0
1700000198.0,60.39143326993962,5.322373216664079,-0.9720618482679129,-20.910480164552816,12.071760711239683,4.290482608562404,1.5,2.0
1700000199.0,60.391410717864524,5.322392020343778,-1.407403526827693,-23.42320230033329,13.108594502838509,4.725835055031615,1.5,2.0
1700000200.0,60.39142446604681,5.322421139001895,1.021266340278089,-21.891397285595797,14.714183329042005,2.297163243773422,1.5,2.0
1700000201.0,60.391402641821806,5.322424970355212,5.248001730069518,-24.323044355659135,14.92546223690652,-1.9295628548312322,1.5,2.0
1700000202.0,60.391405680153774,5.322445215192452,-2.4708741046488285,-23.984482674181343,16.04173384717772,5.789314402334469,1.5,2.0
1700000203.0,60.39139380377919,5.322476055040761,0.7841062545776367,-25.307739911123498,17.742244396770854,2.53434364435474,1.5,2.0
1700000204.0,60.39139453886919,5.322415074102057,-2.245916236191988,-25.22583986013442,14.379773398327014,5.564357364477729,1.5,2.0
1700000205.0,60.39138536285385,5.322412684608157,-0.20586514472961426,-26.24823006438717,14.248026308073182,3.524310101087387,1.5,2.0
1700000206.0,60.39135160848103,5.322421797559041,-1.8041971027851105,-30.009095944585166,14.750522300688415,5.122659769252692,1.5,2.0
1700000207.0,60.39135255982183,5.322430538732126,-0.4322661077603698,-29.903103055361157,15.23251023897943,3.750729406271631,1.5,2.0
1700000208.0,60.391332476753895,5.322431931572661,0.4575624745339155,-32.14074064685482,15.309322533125524,2.8609118822244337,1.5,2.0
1700000209.0,60.39135880986283,5.322428522070005,1.1609256584197283,-29.206738084664007,15.12131307005913,2.1575341536529553,1.5,2.0
1700000210.0,60.39131314065541,5.322393011502221,0.7489407546818256,-34.29515783062719,13.163290346844104,2.569540034016967,1.5,2.0
1700000211.0,60.39133259658902,5.322366896044649,1.4897139351814985,-32.127407280694655,11.723285576350726,1.8287527738928926,1.5,2.0
1700000212.0,60.3913284999453,5.322340119511315,-2.067513939924538,-32.58383727982828,10.246831202476706,5.38598042618022,1.5,2.0
1700000213.0,60.39131724169394,5.322342505973638,-0.8672629250213504,-33.83822498020011,10.378425488233336,4.185736148976494,1.5,2.0
1700000214.0,60.39131757165774,5.322254001253082,2.125049510039389,-33.80148728325054,5.498303946767132,1.1934174603008678,1.5,2.0
1700000215.0,60.39131045286909,5.3222748030857785,0.8341817958280444,-34.594646319840066,6.645311470144755,2.4842905134259325,1.5,2.0
1700000216.0,60.39129704078184,5.322226237122433,-3.192576619796455,-36.08898782605055,3.967396509352432,6.511054979892169,1.5,2.0
1700000217.0,60.39130498515637,5.322172909841677,0.5728031918406487,-35.20385749020341,1.026945657104251,2.745669076259041,1.5,2.0
1700000218.0,60.391326020910476,5.322149244731533,-1.760976285673678,-32.86006456800814,-0.2779420055142787,5.0794359830494145,1.5,2.0
1700000219.0,60.39130021654511,5.322147852728538,0.05193751398473978,-35.73516822655388,-0.3546969879101458,3.266537634288845,1.5,2.0
1700000220.0,60.39128167013078,5.322128465931839,-0.16756203025579453,-37.801587977644914,-1.4236806840709304,3.4860492278000272,1.5,2.0
1700000221.0,60.39130652587484,5.322073709844434,-2.175789055414498,-35.032174644992125,-4.442913956040915,5.494261841186168,1.5,2.0
1700000222.0,60.39132756131426,5.3220296988234,-0.29727325588464737,-32.688435512817,-6.869666499165023,3.6157357565948995,1.5,2.0
1700000223.0,60.39132268281403,5.322031808969,1.570006174966693,-33.23200261511288,-6.753316704903458,1.7484590086917162,1.5,2.0
1700000224.0,60.39130073588456,5.321926755921505,-0.510214320383966,-35.67727920690284,-12.545916208941996,3.828701442488608,1.5,2.0
1700000225.0,60.39130638410336,5.3219309831860295,-0.08514564484357834,-35.047963997885816,-12.312824651141252,3.403628828494835,1.5,2.0
1700000226.0,60.391312328091985,5.321867315141853,0.046038176864385605,-34.38567837760878,-15.823460774767275,3.2724491290611777,1.5,2.0
1700000227.0,60.39129688533377,5.321785515614944,-2.821057547815144,-36.10625504642826,-20.33386427794033,6.139567104110453,1.5,2.0
1700000228.0,60.39131892527906,5.321860409718767,-2.998553848825395,-33.65060923934148,-16.20421287541209,6.317038190523428,1.5,2.0
1700000229.0,60.39133236721428,5.321837890393221,-2.85005278326571,-32.152919143001284,-17.445914548020156,6.168532673705123,1.5,2.0
1700000230.0,60.39131059279594,5.3218230537105145,-2.924201144836843,-34.57899563953296,-18.264016183970107,6.242695999983473,1.5,2.0
1700000231.0,60.39136121576945,5.321824005223342,-0.2670554295182228,-28.938653890101236,-18.2115293546078,3.585522073990031,1.5,2.0
1700000232.0,60.39134679267411,5.321768756219482,1.9310786658897996,-30.545653392880382,-21.25795593888109,1.3874048672884154,1.5,2.0
1700000233.0,60.391354541060565,5.321766599628197,0.729657475836575,-29.68233005596214,-21.376860592137,2.5888223818060396,1.5,2.0
1700000234.0,60.39136903961731,5.321725865654114,-0.5861430307850242,-28.06689675184151,-23.62290247904374,3.904623484880272,1.5,2.0
1700000235.0,60.391383334539334,5.321744160376513,-0.42216205410659313,-26.474179323416035,-22.614129134149138,3.7406320575194023,1.5,2.0
1700000236.0,60.391368276226174,5.321725612658061,-3.3008427154272795,-28.151940892218175,-23.636843103157542,6.6193235962297,1.5,2.0
1700000237.0,60.391402722091385,5.321750785909891,-2.7614036686718464,-24.314032833679263,-22.24877853704302,6.079863798651493,1.5,2.0
1700000238.0,60.39140406153853,5.32172530599741,0.3081493517383933,-24.164795898082385,-23.65373964375184,3.0103152532137827,1.5,2.0
1700000239.0,60.39142232583318,5.321734993042889,-1.6184658613055944,-22.12980469349624,-23.11958023756126,4.9369211345248925,1.5,2.0
1700000240.0,60.391407302887316,5.321814208407446,0.26170315966010094,-23.803676751540678,-18.751697253668542,3.056743834494007,1.5,2.0
1700000241.0,60.39142384975664,5.321792766660771,1.7693919502198696,-21.96004136511641,-19.933980340240435,1.5490520110398993,1.5,2.0
1700000242.0,60.391447393612594,5.3217997404582675,0.4184580808505416,-19.336807776385545,-19.54943006858337,2.8999762097829302,1.5,2.0
1700000243.0,60.39142871308373,5.321833154436323,-0.9588863430544734,-21.41817697461598,-17.70700653290095,4.277321909440477,1.5,2.0
1700000244.0,60.39147461659767,5.3218682479490695,3.620301694609225,-16.30367867150999,-15.771956379098736,-0.30188630500656366,1.5,2.0
1700000245.0,60.39148432677439,5.321949462411707,-0.884133119136095,-15.221786644386402,-11.29382212894419,4.202536360843246,1.5,2.0
1700000246.0,60.39151373559862,5.321945093001909,0.44747871346771717,-11.945089546399473,-11.534740855914508,2.870917985113482,1.5,2.0
1700000247.0,60.39151803572752,5.3219032821779635,-0.0879154484719038,-11.465964804084427,-13.840160895882535,3.4063158426573272,1.5,2.0
1700000248.0,60.391506671376604,5.321992843117016,1.7011126102879643,-12.732187458780068,-8.901832657177248,1.6172814028684206,1.5,2.0
1700000249.0,60.391542896661534,5.322020557860133,-5.478234767913818,-8.695998069818959,-7.3736417294687815,8.796620062490074,1.5,2.0
1700000250.0,60.3915651555827,5.322101373569435,3.3740195594727993,-6.215950261586381,-2.917523565611093,-0.05564074784435835,1.5,2.0
1700000251.0,60.3915687887469,5.3220931875195685,-2.689063100144267,-5.811140920649774,-3.368893227458755,6.007441751727772,1.5,2.0
1700000252.0,60.39156907022113,5.322097404334035,4.691993816755712,-5.779786270899585,-3.1363847805663974,-1.3736153111447609,1.5,2.0
1700000253.0,60.39159959251517,5.322127143768255,-1.4472702089697123,-2.3790216005397706,-1.4965695912201373,4.765645947378105,1.5,2.0
1700000254.0,60.39159756319544,5.322206662397013,3.6287080328911543,-2.605127387638153,2.888028144068659,-0.3103317280091106,1.5,2.0
1700000255.0,60.391620168921996,5.32224457311799,2.844897692091763,-0.0864181152592797,4.978393503440132,0.4734793674182177,1.5,2.0
1700000256.0,60.39164461391562,5.32224801212273,-0.05091962032020092,2.637216887910883,5.168011340099819,3.3692973732672113,1.5,2.0
1700000257.0,60.391642793148684,5.322282885710993,-0.08207688760012388,2.434352240590643,7.090911965164783,3.400456403124635,1.5,2.0
1700000258.0,60.39165734206407,5.3223271968284305,2.5249470630660653,4.055383868437005,9.534189391584716,0.7934364523459949,1.5,2.0
1700000259.0,60.39166267619206,5.322337456443982,0.8874961147084832,4.649707206051992,10.099891714656982,2.430888675258844,1.5,2.0
1700000260.0,60.391685024767405,5.322361279376465,0.13819005712866783,7.139764684303724,11.413458439229306,3.180199240829664,1.5,2.0
1700000261.0,60.39169445746079,5.322374010452625,0.518586166203022,8.190747960371086,12.115435615890716,2.7998056858516507,1.5,2.0
1700000262.0,60.39169272684908,5.322448819913013,-0.9205835908651352,7.997939351937346,16.240357478376247,4.238984344133943,1.5,2.0
1700000263.0,60.39170148973101,5.322413502769529,-0.5396375367417932,8.974282391692363,14.293000102566136,3.858034938748361,1.5,2.0
1700000264.0,60.39173782304016,5.322433259824332,-0.40769003704190254,13.022504783961224,15.382368649431351,3.726096941224154,1.5,2.0
1700000265.0,60.39172168312463,5.322467798931466,0.43173388484865427,11.224222997271257,17.28683118082255,2.8866744691176724,1.5,2.0
1700000266.0,60.39172179939698,5.322480945162087,2.5585920307785273,11.237185202997132,18.011707525462175,0.7598183472791051,1.5,2.0
1700000267.0,60.391778347641754,5.3224599337320955,-2.89722054079175,17.537711496771298,16.853113652826558,6.215641958814439,1.5,2.0
1700000268.0,60.39177556578213,5.322464076834481,1.7887321393936872,17.227773557048103,17.081573762817214,1.5296890417791271,1.5,2.0
1700000269.0,60.391775567026926,5.322474434254276,-3.0583775751292706,17.227901898955384,17.652657649811278,6.376800308561354,1.5,2.0
1700000270.0,60.39179832465719,5.322491450302202,4.146157713606954,19.763558248109497,18.590911955341642,-0.8277249745943802,1.5,2.0
1700000271.0,60.39181650396641,5.322366982393684,3.8686636174097657,21.789048988630956,11.727877182726422,-0.5502405578928453,1.5,2.0
1700000272.0,60.39180384281567,5.322402640928517,2.3703343896195292,20.378358484256978,13.694051688552715,0.9480879194508578,1.5,2.0
1700000273.0,60.39182947191147,5.322394712604005,-2.242267136462033,23.233907318503363,13.25687254518526,5.56069827832667,1.5,2.0
1700000274.0,60.39184222197744,5.32237184132201,0.3699483126401901,24.654511115536515,11.99577712416469,2.9484856679482228,1.5,2.0
1700000275.0,60.39183742423571,5.322387869041683,-1.5197598580271006,24.11994776362486,12.879524869824976,4.838193514308647,1.5,2.0
1700000276.0,60.39182150117449,5.322338836896496,0.15428814105689526,22.34581517614653,10.175957948059779,3.164134184784479,1.5,2.0
1700000277.0,60.39182696040266,5.322273029763158,-1.9101862693205476,22.954060727093562,6.547424435337664,5.2286060090372,1.5,2.0
1700000278.0,60.39182419455959,5.32229542457637,2.1374613465741277,22.645910363409,7.782253883381692,1.180958676362275,1.5,2.0
1700000279.0,60.391848697596686,5.322232653382403,0.4566640518605709,25.376000777772067,4.321116646054379,2.861762962753053,1.5,2.0
1700000280.0,60.39185140833683,5.3222147409229725,-0.4808999039232731,25.67802372929284,3.333444066893615,3.7993275350903772,1.5,2.0
1700000281.0,60.39183896219447,5.3221709383347475,-3.3237336622551084,24.291275853950435,0.91822169029078,6.6421550631465,1.5,2.0
1700000282.0,60.39186482607132,5.322121240927886,1.384685111232102,27.173019985752838,-1.822033601054354,1.9337480993592013,1.5,2.0
1700000283.0,60.391846506470614,5.322105607940434,-1.3842117441818118,25.131859033798147,-2.684018071519788,4.702636897589219,1.5,2.0
1700000284.0,60.39186668722615,5.3220754823105985,-1.445176301524043,27.38037789760796,-4.345106549774032,4.763611615653161,1.5,2.0
1700000285.0,60.391845395278196,5.321979898314372,0.5488121081143618,25.008070502669206,-9.615499777908372,2.7696192252638454,1.5,2.0
1700000286.0,60.3918292176392,5.321964632330169,-3.2855387637391686,23.20556365941289,-10.457247093327846,6.603964611875982,1.5,2.0
1700000287.0,60.39182430610954,5.3219844088549495,-1.1355312215164304,22.658331264332052,-9.366797469777943,4.453953412726007,1.5,2.0
1700000288.0,60.391801197352,5.321893149176011,-0.6336376508697867,20.08359694334125,-14.398762002395614,3.9520605730878904,1.5,2.0
1700000289.0,60.39182089364199,5.3218582463549895,0.2323747118934989,22.278147246604682,-16.32325707282697,3.0860601164094783,1.5,2.0
1700000290.0,60.391821374101454,5.321842566202307,3.5769356889650226,22.3316952098471,-17.187851577699995,-0.25849840850699835,1.5,2.0
1700000291.0,60.391796024811725,5.321807344987872,-1.2176165180280805,19.507298191714145,-19.129910756956342,4.536050058339152,1.5,2.0
1700000292.0,60.39182238963693,5.321835431880059,-2.3013155041262507,22.444826353962974,-17.58121347467441,5.619754250443002,1.5,2.0
1700000293.0,60.39181721680084,5.321816115231786,0.8333901902660728,21.868490797300748,-18.646323097264677,2.4850495733967817,1.5,2.0
1700000294.0,60.39179961672892,5.321752386604558,-1.4768956257030368,19.907522058614582,-22.16025173024021,4.79534018441619,1.5,2.0
1700000295.0,60.391802225842994,5.321733727911523,-0.9323641173541546,20.198234806974813,-23.189071338092436,4.250813238841382,1.5,2.0
1700000296.0,60.391788280498595,5.321749798568472,-1.1705635413527489,18.6444535798751,-22.302961969607857,4.489004782680098,1.5,2.0
1700000297.0,60.391791248816475,5.321705895276842,1.720964920707047,18.975204551072714,-24.7237503082395,1.597486196658406,1.5,2.0
1700000298.0,60.39174700304062,5.321722118021787,-0.37309886142611504,14.045376098937341,-23.82927012446818,3.6915338335325436,1.5,2.0
1700000299.0,60.391743325303935,5.32175561966382,1.4408439276739955,13.635598906456465,-21.9820324268453,1.8775835395561762,1.5,2.0
